100000,,,,,,,,,,,,,,,,,,,,,,,,,,,,,,,,,,,,,,,,,,,,,,,,,,,,,,,100000
10,[3 1 4 2 2 3 3 3 3 3],84.62,918,93,84,72,71,61,70,62,73,66,63,63,69,71,70,62,69,61,69,68,68,72,69,68,64,72,63,71,61,71,62,63,71,62,69,61,64,68,62,62,71,69,63,64,72,67,71,65,61,70,,10,81.378
10,[2 1 3 3 3 2 3 1 3 1],86.08,799,79,73,75,75,75,68,76,73,66,66,76,66,75,65,74,65,67,76,76,66,74,74,73,65,67,72,71,74,73,67,74,71,73,66,73,65,73,73,73,73,73,73,74,72,73,72,72,65,75,,11,88.14
10,[1 2 2 3 1 2 4 3 4 4],75.1,525,67,68,66,60,62,69,68,60,63,68,69,68,71,63,61,69,67,63,63,70,67,63,70,62,64,70,62,63,69,63,62,68,69,68,68,63,63,70,67,61,65,69,69,67,69,67,73,62,62,,12,107.758
10,[1 4 4 3 1 2 3 3 3 4],78.42,578,64,70,70,70,70,71,70,70,72,70,69,63,70,69,64,64,70,70,63,61,71,71,70,70,65,62,68,70,71,68,70,70,64,72,70,70,69,70,68,69,63,70,70,68,67,69,64,70,64,,13,133.32
10,[2 4 3 1 4 3 3 3 2 3],82.8,537,84,67,74,75,76,76,78,69,76,78,74,75,73,70,74,77,69,76,68,66,74,75,72,73,74,74,73,76,68,70,73,73,75,77,73,74,74,76,74,75,77,75,68,67,75,74,72,72,75,,14,142.712
10,[2 3 3 1 2 2 3 1 2 2],85.3,527,77,78,76,78,76,76,78,79,79,79,70,78,75,76,70,76,78,75,79,76,76,75,75,76,75,75,76,75,76,76,77,75,76,77,79,77,75,78,76,75,79,79,76,77,76,79,69,76,78,,15,131.826
10,[4 2 1 3 2 2 2 3 4 1],81.8,550,80,77,72,77,73,77,74,74,76,66,73,72,72,73,72,72,75,73,73,72,72,74,72,66,72,75,73,72,73,68,73,70,75,70,68,74,72,65,72,73,74,69,63,73,72,72,74,68,73,,16,136.526
10,[1 2 3 4 1 1 4 4 1 3],79.66,462,79,76,75,74,74,72,74,72,71,73,73,73,72,72,71,66,72,72,74,66,71,74,74,73,66,72,73,64,73,72,74,72,66,74,73,71,65,74,75,74,65,73,73,72,71,68,73,73,72,,17,143.668
10,[3 4 2 1 1 2 2 1 1 1],83.14,550,79,73,66,72,73,75,76,72,75,74,76,75,76,73,72,78,75,75,72,66,75,74,73,69,72,74,74,66,73,73,73,72,74,69,74,74,75,74,75,73,69,73,73,73,75,76,91,79,69,,18,152.052
10,[1 3 3 1 4 3 2 4 4 3],76.86,350,73,73,76,70,77,73,70,66,72,76,71,76,69,70,74,65,75,65,74,74,71,67,64,71,74,70,71,72,74,78,73,73,66,71,73,73,71,63,75,72,72,73,65,71,65,73,74,64,75,,19,159.418
11,[4 3 3 2 4 4 2 1 1 4 2],90.26,661,104,92,94,71,77,80,78,78,77,71,77,78,78,78,79,76,79,76,79,78,78,80,80,81,77,78,78,77,77,79,78,76,78,80,70,79,78,77,77,78,77,78,79,78,79,76,77,77,75,,20,163.63
11,[1 4 4 1 3 1 1 1 2 3 4],92.32,738,83,79,77,79,80,76,78,79,99,80,80,77,79,81,79,78,79,75,77,80,80,75,75,77,80,75,76,77,80,86,79,77,76,86,76,75,80,78,70,77,80,81,76,78,99,82,77,78,77,,,
11,[4 2 4 4 4 3 3 3 3 1 3],84.2,434,77,78,80,78,79,78,75,76,77,77,80,76,70,78,81,76,76,78,81,76,77,78,78,80,76,77,77,77,78,79,77,79,76,78,70,76,77,76,78,78,70,78,79,77,78,75,78,76,76,,,
11,[3 1 1 3 3 2 4 4 1 3 1],86.32,254,80,95,77,80,97,80,81,80,77,81,80,80,81,92,77,80,71,79,80,80,102,80,79,80,96,77,80,80,81,79,77,80,80,81,78,101,104,97,80,81,79,81,79,80,79,98,79,81,85,,,
11,[4 4 3 3 1 3 1 4 1 4 1],89.98,297,84,83,80,97,84,90,81,81,101,72,79,79,95,79,78,81,83,79,79,80,97,80,81,82,82,81,77,78,102,80,80,83,80,82,78,95,99,96,86,85,85,96,97,86,88,95,96,96,94,,,
11,[4 4 4 4 3 1 2 4 2 3 4],84.88,441,82,77,77,73,80,79,83,76,73,78,75,76,80,78,83,76,79,75,79,73,77,75,75,76,76,76,84,76,76,77,76,76,75,76,76,75,77,78,89,70,79,77,78,77,94,77,87,79,67,,,
11,[1 1 2 3 3 2 2 2 2 4 1],85.96,506,76,79,75,70,78,76,79,77,79,79,77,78,75,68,76,72,88,75,77,76,77,74,77,77,75,76,79,78,88,76,69,76,98,76,77,77,79,77,70,79,70,75,78,79,76,77,75,78,99,,,
11,[2 1 3 1 2 3 2 1 4 1 3],84.6,460,78,74,77,74,75,75,75,77,75,68,84,77,84,75,84,77,75,75,79,80,76,76,78,75,77,75,78,76,70,76,74,78,73,76,79,75,76,71,75,78,76,77,77,85,94,78,77,78,78,,,
11,[3 4 4 3 1 1 2 1 3 2 1],94.18,560,87,84,84,84,83,85,84,84,82,85,89,84,83,82,87,90,85,84,84,84,84,84,90,85,83,83,84,91,84,84,86,85,84,84,84,84,82,83,83,90,84,83,82,91,84,85,83,83,83,,,
11,[3 3 4 1 3 1 4 3 1 1 2],88.7,553,77,79,79,77,79,70,79,79,78,79,77,78,76,80,81,81,77,78,90,78,77,83,77,81,81,78,80,78,78,81,78,79,80,81,78,80,78,80,82,79,80,81,80,80,80,82,79,80,79,,,
12,[4 4 3 2 1 3 1 4 1 2 2 3],95.98,670,97,103,93,90,80,84,93,82,81,80,81,91,85,83,82,85,81,82,81,84,84,84,81,80,82,84,81,80,80,80,83,82,81,81,84,83,83,80,84,80,82,82,91,83,85,90,98,80,83,,,
12,[1 3 4 2 4 3 1 2 4 1 1 1],104.42,561,83,83,84,103,105,103,96,104,97,83,102,104,96,94,95,109,107,97,98,93,84,85,104,104,104,106,105,86,103,87,104,98,79,99,103,97,99,100,95,98,83,87,82,82,79,83,78,106,104,,,
12,[1 1 4 2 4 1 3 4 3 1 4 4],91.94,545,81,71,78,80,85,79,137,81,78,99,78,100,79,82,75,80,92,82,71,75,82,76,77,77,78,69,77,76,70,76,76,76,78,76,89,78,99,99,93,97,99,76,90,99,76,77,77,79,77,,,
12,[4 1 4 3 4 4 1 1 2 4 3 1],102.4,487,103,87,89,81,95,83,94,103,84,104,104,95,95,83,99,92,101,87,95,95,82,94,86,101,93,98,102,104,98,85,84,96,104,96,87,95,97,94,101,95,98,101,84,92,94,83,98,104,118,,,
12,[3 3 2 4 3 2 4 1 2 3 2 2],95.98,442,82,84,84,84,96,82,94,84,81,84,95,100,93,95,83,94,99,91,84,82,80,100,84,84,81,85,83,82,80,85,90,82,85,96,97,99,103,94,100,93,83,80,99,101,85,85,82,94,94,,,
12,[4 3 3 3 4 4 1 3 3 3 2 1],118.24,696,130,128,169,185,104,98,104,86,99,112,110,89,87,102,112,100,89,101,89,108,113,114,110,85,91,113,106,108,88,104,87,108,108,99,111,108,108,110,113,103,102,100,103,100,107,112,110,108,85,,,
12,[1 1 2 1 3 4 3 4 1 1 3 1],102.12,672,99,85,89,91,91,88,85,89,88,86,98,99,85,100,95,88,85,89,95,89,90,89,87,85,87,87,85,88,86,85,87,89,89,90,102,99,98,88,87,88,96,88,96,98,89,96,97,87,87,,,
12,[3 2 1 4 1 3 2 3 3 4 1 2],143,804,87,93,85,95,1195,237,165,153,139,165,140,142,125,130,123,195,162,127,112,110,108,85,85,84,83,92,84,85,84,90,85,83,83,94,87,122,94,84,84,87,82,96,84,84,94,87,86,85,85,,,
12,[3 2 2 4 2 2 1 1 2 1 3 2],120.82,1057,108,109,106,106,104,109,86,86,107,108,109,99,98,97,111,107,111,100,108,106,97,109,107,106,86,99,110,86,88,106,100,105,111,111,110,100,86,96,106,105,86,96,100,110,96,109,106,96,86,,,
12,[1 2 2 1 1 4 3 3 4 3 3 3],102.68,997,116,100,95,89,85,86,85,85,95,84,83,86,93,84,92,84,85,92,85,85,84,82,84,83,83,83,94,84,85,80,77,79,80,80,79,79,80,79,79,79,79,80,80,79,79,79,79,81,79,,,
13,[4 3 3 4 2 4 2 4 1 4 3 1 4],118.9,1054,104,99,96,103,97,103,101,106,101,99,104,101,104,95,101,97,104,97,97,101,102,95,104,99,103,95,103,97,99,104,100,96,100,99,104,95,102,101,98,103,95,96,96,103,97,98,98,100,99,,,
13,[1 1 3 2 1 4 2 1 2 4 1 1 1],121.72,871,102,108,105,112,109,106,108,97,108,111,112,110,109,104,101,111,110,110,111,107,109,110,103,85,108,110,88,103,107,106,109,107,107,110,109,106,101,106,109,105,101,110,100,110,110,110,112,111,102,,,
13,[4 1 4 4 2 1 3 2 3 2 3 3 1],102.8,728,81,94,94,95,95,95,98,79,98,91,102,93,85,93,94,94,80,98,83,92,94,82,80,81,102,93,79,80,102,98,77,94,100,92,91,95,101,95,82,79,99,79,95,71,94,80,78,102,83,,,
13,[4 2 4 2 3 3 1 4 2 4 2 2 1],112.74,1008,103,88,80,88,83,82,91,87,82,90,83,88,86,85,86,89,80,87,91,89,85,86,83,82,80,81,86,85,82,82,80,80,80,95,92,90,88,85,110,104,113,110,109,220,130,110,117,133,113,,,
13,[1 2 3 3 1 3 2 3 4 3 2 3 4],168.64,1417,133,147,143,153,145,145,148,149,154,149,145,148,146,143,142,147,147,115,137,140,140,143,145,140,145,147,147,141,143,147,138,144,143,140,146,142,140,144,145,147,135,140,140,147,140,138,140,144,148,,,
13,[1 4 3 3 1 3 2 4 4 2 3 2 1],138.64,757,119,132,110,116,137,132,130,115,135,137,115,131,118,132,135,137,115,118,113,110,132,115,132,112,137,138,115,139,135,138,112,117,110,130,133,110,138,138,117,135,140,133,113,130,140,135,137,115,112,,,
13,[4 3 3 1 4 3 3 4 3 4 2 4 1],138.32,670,130,130,137,132,135,132,137,133,130,112,130,132,135,131,115,131,135,130,133,130,134,128,130,132,135,134,130,130,130,131,135,132,127,130,135,134,130,132,111,112,113,111,110,113,132,130,110,110,115,,,
13,[1 4 2 3 4 2 3 2 4 4 3 1 4],147.82,642,113,115,139,135,137,138,135,144,142,143,141,143,133,135,136,136,140,140,137,137,142,135,140,144,139,132,138,132,140,135,134,132,145,139,140,147,145,145,145,137,135,145,140,142,142,116,143,145,136,,,
13,[2 4 2 3 1 2 2 1 4 1 3 2 2],145.2,730,142,138,137,135,136,115,134,137,122,116,133,137,135,133,138,119,120,138,115,142,137,120,117,138,122,137,135,136,118,137,137,140,140,142,143,142,137,140,140,141,137,137,123,137,133,137,138,133,134,,,
13,[1 2 1 4 4 3 2 2 3 1 2 1 4],138.42,632,140,140,140,138,137,113,134,110,139,112,135,133,117,139,140,115,138,140,137,113,136,137,112,142,140,142,115,138,137,113,111,115,140,118,112,115,133,115,114,138,138,135,112,113,135,133,135,117,138,,,
14,[2 4 3 3 1 1 3 2 3 1 3 2 4 3],163.76,1317,140,145,152,145,135,138,130,147,130,143,138,143,140,147,145,140,130,142,127,142,122,145,123,143,139,140,140,139,140,140,143,143,142,141,143,142,150,145,138,142,138,145,136,140,142,145,140,142,144,,,
14,[4 4 4 4 3 3 1 1 4 2 3 1 1 1],167.02,943,157,155,148,147,147,155,142,150,148,148,143,145,148,148,148,147,152,148,147,147,145,153,148,150,148,250,157,156,151,157,160,151,128,155,150,152,157,125,160,157,157,150,145,153,152,148,127,148,148,,,
14,[2 1 1 3 2 1 2 3 3 2 1 4 2 1],215,1283,148,147,145,148,125,124,152,143,145,143,145,145,148,147,155,148,141,148,152,145,148,143,147,147,145,152,145,147,145,3147,146,109,105,105,111,113,105,110,111,112,101,111,111,110,108,110,115,104,110,,,
14,[1 3 4 3 3 4 4 1 1 4 1 3 2 4],124.9,1146,106,112,100,100,106,108,108,102,100,100,108,110,100,110,100,106,100,106,106,100,106,107,100,107,106,102,106,108,100,107,107,99,108,101,102,105,105,99,99,106,106,100,100,106,99,107,106,100,107,,,
14,[4 1 2 2 2 3 2 4 4 3 4 3 4 1],126.5,1180,108,110,109,104,102,109,107,106,99,90,109,107,110,108,103,103,110,99,107,109,109,103,105,99,105,102,90,100,107,106,107,100,109,107,106,109,103,109,102,108,112,107,109,107,108,107,91,107,102,,,
14,[2 2 4 1 1 4 3 2 1 3 3 4 3 2],124.14,1086,103,118,111,111,102,100,109,112,105,112,109,110,108,96,109,113,90,107,108,115,89,100,99,110,99,102,105,102,106,110,105,103,100,108,105,88,98,109,105,91,99,103,108,101,107,108,100,107,106,,,
14,[4 3 3 1 1 2 4 1 4 4 2 2 4 1],129.14,1275,109,109,107,109,108,109,110,110,106,108,110,102,98,110,108,108,109,108,112,100,103,109,104,99,105,108,99,103,106,109,103,103,104,108,103,102,101,108,109,99,108,110,100,111,104,102,104,107,101,,,
14,[1 2 3 3 2 3 4 2 4 1 4 2 1 3],127.16,978,105,105,102,112,112,110,110,112,106,96,111,111,108,110,105,109,104,110,105,110,114,111,115,111,106,112,104,115,115,111,112,111,112,112,110,109,111,105,114,105,114,113,113,110,111,113,113,114,111,,,
14,[2 4 4 4 2 2 1 3 2 1 3 1 2 4],123.3,979,110,102,102,109,110,108,109,112,110,108,106,101,108,104,108,108,103,101,111,109,100,107,111,103,107,108,109,109,101,104,104,108,110,108,110,108,103,103,107,101,101,111,101,100,102,103,104,101,103,,,
14,[3 2 4 1 1 1 4 3 3 1 1 1 4 1],126.2,975,110,113,105,110,111,111,110,110,102,111,112,110,110,100,114,111,108,110,110,111,110,113,101,103,110,101,110,104,109,111,111,112,116,110,111,107,104,109,109,106,103,112,104,113,110,112,108,107,110,,,
15,[4 2 2 3 1 4 4 3 2 1 3 2 3 1 3],144.7,1984,105,101,103,103,103,106,108,103,112,110,110,110,110,102,102,102,103,109,103,108,109,110,108,109,109,109,108,108,110,109,109,109,108,109,109,109,109,109,108,109,103,108,110,109,105,108,106,103,109,,,
15,[2 1 1 2 1 1 1 2 1 4 3 4 4 2 1],125.68,1049,106,117,114,111,103,109,106,108,109,100,109,110,108,100,102,100,106,109,100,110,111,110,99,110,108,111,104,109,106,110,110,105,106,101,107,108,108,106,110,106,102,108,109,106,106,103,108,106,105,,,
15,[1 4 1 1 2 3 3 1 3 4 4 4 1 1 1],143.46,1345,117,121,116,120,118,120,129,117,122,119,118,111,116,116,123,119,121,118,123,118,125,125,123,122,116,116,116,121,123,120,116,119,118,119,119,118,118,118,117,119,117,118,119,119,116,118,118,117,116,,,
15,[4 1 2 2 3 4 4 3 3 3 1 4 3 2 4],134.34,1061,114,116,118,115,115,116,116,116,118,117,112,116,119,110,110,116,116,117,119,117,112,117,116,119,116,116,119,116,118,110,117,95,97,116,117,117,116,118,116,114,119,117,118,120,117,116,118,118,118,,,
15,[3 2 2 4 2 1 3 1 4 2 1 2 2 3 2],125.36,1059,103,116,110,112,98,105,102,97,107,112,104,100,101,102,107,108,106,106,110,109,109,110,110,109,105,98,106,108,109,107,109,110,109,109,109,108,100,108,108,106,109,105,105,110,108,103,102,101,104,,,
15,[4 3 4 1 2 3 2 2 4 1 1 4 2 3 3],130.26,1091,105,111,110,111,111,111,112,112,105,111,113,111,113,113,113,110,114,112,111,113,111,104,105,112,112,113,112,113,111,111,115,112,114,112,111,110,104,110,112,110,105,110,103,110,112,111,112,112,111,,,
15,[3 4 4 2 3 1 3 3 4 2 2 1 2 4 2],127.3,1120,112,105,103,107,108,102,109,111,109,102,102,102,104,103,101,103,107,107,110,108,110,109,110,108,108,108,109,109,110,102,109,109,109,104,102,109,108,108,110,108,101,106,109,110,111,109,108,109,108,,,
15,[3 2 4 1 2 3 3 4 2 2 4 3 4 2 1],128.44,1008,114,114,114,111,114,111,114,108,108,105,109,104,110,107,114,112,112,106,111,112,115,110,112,114,112,113,111,105,112,102,109,114,104,110,110,111,111,110,107,105,115,112,110,114,110,115,105,112,114,,,
15,[3 3 3 1 3 4 2 1 4 3 4 3 4 3 2],132.26,988,114,119,108,108,117,115,113,116,109,120,115,113,116,115,116,113,115,113,117,113,107,113,114,114,112,116,114,114,116,115,119,115,112,115,107,115,112,119,115,118,119,119,110,118,118,118,119,119,118,,,
15,[3 1 1 3 3 1 1 3 2 2 2 3 4 2 1],126.46,1070,110,109,109,111,106,100,108,108,110,105,110,110,106,108,109,102,105,108,108,109,101,106,107,102,103,107,109,108,103,110,111,101,109,108,111,104,100,100,109,111,104,101,104,108,109,109,112,110,125,,,
16,[1 3 4 3 3 1 1 3 2 2 4 2 4 2 2 1],137.22,820,123,122,125,123,122,124,123,123,121,124,123,124,123,121,124,125,122,125,133,120,123,121,123,125,131,123,123,122,122,123,120,124,123,121,129,121,123,123,120,121,123,122,123,120,123,131,122,124,122,,,
16,[3 4 4 4 4 2 3 1 3 2 2 1 4 4 1 4],138.62,1058,121,125,119,117,123,119,119,121,118,122,120,119,124,119,130,117,125,120,123,108,132,117,124,118,118,119,110,122,117,121,116,123,119,121,118,123,122,117,117,120,120,117,121,116,121,118,120,119,118,,,
16,[4 2 3 4 1 2 4 4 1 1 3 1 2 3 4 2],134.2,1090,117,120,120,115,119,116,120,106,117,118,117,114,118,117,110,107,117,117,116,105,118,114,115,110,111,110,119,115,111,119,114,112,105,114,115,116,112,118,105,117,114,116,114,116,117,116,120,115,116,,,
16,[3 1 3 3 2 2 4 4 4 3 3 2 1 2 3 3],141.78,1266,121,119,120,120,112,124,122,112,119,119,117,119,118,119,120,118,120,118,119,120,112,118,116,120,119,121,119,120,117,120,119,120,119,118,119,122,119,119,118,119,120,121,118,118,120,118,118,120,120,,,
16,[1 3 4 4 1 2 3 1 2 4 3 2 3 4 1 2],135.34,1237,115,114,114,113,115,114,113,114,114,115,113,106,114,116,113,114,115,108,115,114,114,108,115,106,113,114,115,114,113,114,114,114,115,114,115,114,113,114,111,114,114,112,111,113,108,106,113,112,108,,,
16,[1 4 4 1 2 4 2 3 1 1 4 4 2 4 1 2],135.94,1026,120,115,117,116,116,119,116,117,117,117,119,119,111,119,118,116,116,116,116,117,119,118,119,116,115,118,119,117,108,118,116,116,110,116,119,118,117,119,118,119,116,116,118,160,119,118,118,117,117,,,
16,[1 2 3 4 4 3 1 2 2 2 2 1 4 1 4 3],136.54,1274,116,115,113,115,116,109,115,115,117,115,114,112,115,108,116,116,114,116,110,114,114,115,106,114,113,115,116,114,115,109,110,108,107,108,108,114,115,114,114,115,115,117,109,114,115,113,114,114,117,,,
16,[1 3 3 2 1 3 1 4 4 2 3 2 2 2 3 1],142.72,1135,125,121,123,122,123,124,120,124,122,123,123,121,123,122,121,120,121,129,121,121,123,123,121,122,129,121,122,123,120,121,121,123,121,121,124,120,122,121,122,121,125,123,130,123,120,125,119,123,123,,,
16,[4 1 4 4 4 3 1 2 2 4 1 4 2 2 3 4],126.92,1007,115,105,109,108,108,113,108,103,103,105,105,110,110,112,111,110,111,109,112,101,104,109,112,111,110,110,109,110,106,103,104,109,108,114,110,109,110,102,110,104,105,134,108,110,109,110,108,111,112,,,
16,[2 4 2 3 2 3 1 3 1 1 1 2 3 1 4 2],135.98,1211,115,115,115,108,114,114,115,118,109,115,108,114,115,115,109,115,109,115,115,115,115,110,118,115,115,116,115,115,115,115,115,115,115,115,115,115,115,115,117,115,115,109,115,109,117,116,107,115,116,,,
17,[4 3 2 2 2 3 1 2 4 3 2 4 4 3 1 1 2],136.36,1008,121,114,119,118,117,116,120,121,115,120,117,119,129,121,121,120,121,111,121,120,119,118,116,121,123,115,122,121,117,119,117,120,120,110,120,116,117,114,120,120,120,116,110,118,121,120,116,121,122,,,
17,[3 4 3 1 3 1 2 4 1 3 3 1 2 3 1 3 1],151.58,1228,134,126,134,133,128,127,128,128,128,137,127,130,125,130,125,125,133,125,127,135,128,126,132,126,127,133,125,126,126,128,126,125,125,135,135,127,133,131,156,130,132,128,135,135,129,126,128,123,130,,,
17,[3 1 3 3 2 2 1 2 1 1 1 2 1 3 2 4 4],134.62,905,119,117,118,120,120,118,117,121,119,119,117,118,120,120,116,117,121,118,121,121,120,119,118,118,119,119,120,119,119,121,119,120,117,120,119,119,118,118,121,117,119,118,118,119,117,120,118,119,121,,,
17,[1 2 2 2 4 2 3 1 3 2 4 3 4 2 4 3 3],148.96,1206,125,132,128,134,125,126,126,125,135,127,128,124,125,124,125,125,129,129,126,125,131,126,128,125,127,129,131,130,133,125,127,125,126,135,129,125,125,128,128,126,126,128,129,125,125,127,127,127,126,,,
17,[1 4 2 1 4 1 4 4 4 4 4 4 4 4 2 3 3],130.82,735,125,120,119,119,119,118,119,117,118,119,118,118,118,120,120,120,119,119,118,119,112,112,112,119,118,119,112,118,118,117,117,120,119,119,119,144,117,120,119,120,118,111,116,119,119,117,119,117,117,,,
17,[1 4 3 1 1 2 4 4 4 4 1 2 3 1 4 1 3],141.76,1091,120,120,121,123,120,124,118,121,119,126,124,122,129,124,121,121,122,123,125,120,120,123,120,121,120,125,123,121,123,125,123,121,120,122,122,123,118,122,124,132,124,124,119,128,124,126,121,120,120,,,
17,[2 4 3 1 1 4 4 4 1 2 2 1 1 3 3 1 1],148.22,1101,210,136,136,130,126,127,126,129,126,126,128,127,137,127,128,130,134,126,124,122,131,131,123,124,123,125,125,126,125,127,133,127,127,128,125,126,125,128,127,132,126,124,124,124,124,124,125,123,123,,,
17,[4 2 4 4 2 4 1 4 4 1 3 2 4 4 1 4 4],150.84,1083,127,161,135,131,128,138,130,129,129,131,137,136,129,126,127,135,130,129,130,128,135,127,134,135,129,128,137,131,134,135,130,159,130,131,136,128,130,135,130,131,130,131,130,129,122,126,129,128,123,,,
17,[2 2 2 1 2 2 4 2 1 4 4 1 4 3 1 2 2],144.4,1172,126,122,125,130,124,120,126,122,124,124,128,123,124,121,125,123,122,124,124,123,122,121,120,122,129,126,123,123,124,123,120,121,123,123,126,123,129,120,122,121,124,121,123,121,124,125,123,122,124,,,
17,[3 3 4 1 3 3 3 2 4 2 2 1 1 3 3 4 4],149.12,1260,122,121,121,121,121,121,120,120,121,122,121,123,121,124,121,122,123,123,122,124,120,122,120,129,122,124,122,120,121,121,119,122,121,121,120,179,155,135,130,128,129,130,146,132,129,130,139,134,142,,,
18,[3 2 2 2 1 1 2 1 4 3 1 1 4 4 4 1 3 2],160.96,1242,145,147,138,145,135,144,146,145,146,147,144,146,143,135,146,147,135,146,141,134,142,144,133,138,295,133,129,125,147,124,127,126,125,126,129,135,125,128,133,128,125,126,127,129,126,135,130,134,127,,,
18,[2 2 1 4 1 2 3 3 2 4 4 4 1 4 4 1 2 3],150.26,1291,127,130,129,134,128,126,132,126,130,134,133,126,134,127,126,125,125,127,126,127,126,129,135,127,131,126,126,125,126,125,129,125,124,122,133,123,122,124,123,125,122,124,121,125,132,125,126,125,124,,,
18,[4 3 3 2 3 3 4 3 2 2 3 1 2 3 2 2 1 4],149.92,1300,128,128,126,127,131,130,130,126,122,126,126,124,126,124,126,125,123,127,124,125,125,126,125,133,125,123,132,125,125,125,125,126,125,124,125,125,124,129,126,125,127,129,128,134,128,122,128,131,127,,,
18,[2 2 3 4 4 2 3 1 2 4 1 4 2 1 3 1 2 3],138.8,937,120,112,126,121,122,135,120,118,121,119,124,119,123,119,121,120,120,123,124,120,122,121,123,183,122,122,120,121,121,118,120,121,120,122,116,120,120,123,120,119,119,120,130,124,125,124,120,120,120,,,
18,[2 2 2 4 4 2 4 3 3 3 1 2 2 4 4 1 4 4],146.84,1146,134,125,126,127,124,129,134,128,128,129,124,126,124,124,123,126,125,125,126,126,126,125,123,125,125,125,128,132,126,125,125,129,125,123,128,124,126,125,122,123,131,122,128,125,128,133,134,123,129,,,
18,[2 4 2 4 2 3 3 3 2 2 3 1 1 1 1 4 1 4],159.46,1256,134,130,127,128,127,127,125,125,124,124,130,125,124,122,131,125,125,122,132,133,122,129,123,122,123,123,125,122,127,125,125,427,143,141,134,141,137,146,145,133,148,136,136,142,138,141,139,143,141,,,
18,[2 3 4 3 2 1 2 1 3 4 2 2 2 2 3 1 1 4],170.12,1504,157,154,153,161,146,156,156,152,145,143,135,139,138,137,135,139,138,142,143,177,141,148,137,135,143,135,136,148,135,139,144,146,136,146,139,143,144,144,145,136,136,136,136,135,144,135,145,134,135,,,
18,[3 2 1 4 4 4 3 3 1 1 4 3 3 4 4 1 1 3],148.28,1191,126,134,128,124,126,133,144,124,126,125,128,125,126,126,125,123,126,133,125,123,125,124,127,133,132,127,126,125,122,126,124,132,130,127,127,132,125,126,123,131,127,123,125,124,125,124,129,125,127,,,
18,[3 1 2 3 2 2 4 1 4 1 2 2 4 4 2 1 2 3],149.78,1560,120,122,123,122,121,124,123,122,130,121,121,122,123,124,118,128,120,132,121,120,111,120,121,121,122,121,121,120,112,120,119,120,119,118,121,120,120,120,121,121,118,119,118,120,121,122,122,121,123,,,
18,[2 4 1 1 3 2 4 2 1 2 1 2 2 3 3 1 4 4],146.1,1294,124,121,121,128,125,130,124,123,123,123,122,125,124,122,124,176,120,124,124,125,118,120,121,119,119,121,128,120,118,130,120,121,119,111,123,120,121,120,120,120,121,118,117,120,119,120,120,120,119,,,
19,[1 2 3 2 2 1 4 3 2 1 3 4 2 3 2 4 4 3 3],169.64,1439,145,149,148,150,146,148,147,148,148,147,145,137,145,147,145,154,145,145,144,145,132,150,129,139,141,142,132,150,141,135,139,138,150,138,145,144,140,146,146,149,131,145,148,138,136,149,145,140,157,,,
19,[4 1 1 4 4 3 3 3 1 4 4 2 2 4 3 4 4 2 1],155.22,1289,144,135,134,135,129,130,136,133,139,128,133,129,135,130,131,134,127,134,137,128,133,134,131,130,129,134,128,128,135,128,126,131,139,131,129,127,131,141,128,132,129,131,130,135,138,129,127,132,135,,,
19,[3 4 1 1 1 4 2 1 4 4 2 3 3 1 3 4 2 2 4],160.36,1448,137,135,136,126,132,134,127,140,133,163,132,131,131,127,141,138,137,131,132,132,126,133,130,131,132,130,140,140,126,132,133,133,141,138,135,131,137,132,130,135,133,140,133,140,132,132,130,130,140,,,
19,[2 2 4 1 1 2 3 4 3 2 2 3 4 2 1 4 2 4 3],159.9,1410,135,130,129,132,128,125,128,132,137,132,130,129,137,129,130,130,130,127,127,130,138,129,138,135,131,136,129,130,129,130,129,130,130,126,129,130,136,127,128,130,126,129,129,128,129,129,126,126,336,,,
19,[1 4 2 2 2 1 4 4 1 4 2 3 2 2 4 4 4 1 2],170.26,1932,137,138,139,136,139,136,132,137,140,130,130,134,133,130,134,131,142,132,130,138,139,139,132,135,135,131,131,130,129,130,132,132,139,131,131,132,131,133,132,133,137,140,130,140,138,140,139,131,131,,,
19,[3 3 2 3 1 1 1 1 2 2 1 1 2 3 1 3 1 1 3],150.04,1283,128,127,127,135,220,122,127,127,123,123,122,123,123,123,124,133,122,123,122,123,123,123,131,122,122,122,122,127,125,122,124,124,123,125,123,133,130,131,124,122,122,132,132,123,122,122,125,124,122,,,
19,[1 3 1 2 2 1 1 3 3 2 1 4 1 3 4 2 1 2 1],155.02,1392,129,126,124,127,132,127,133,128,131,139,133,131,131,129,140,126,133,128,129,133,125,136,126,127,133,135,130,126,135,133,125,129,123,135,126,129,128,131,127,129,136,134,126,125,129,125,135,123,129,,,
19,[1 2 1 4 1 3 4 2 4 3 1 2 1 3 3 4 4 2 3],161.38,1376,134,144,141,139,140,139,138,137,139,134,132,142,136,131,132,138,142,134,133,134,133,140,131,133,134,139,135,130,138,143,134,143,139,131,132,140,133,139,133,135,139,135,140,135,137,137,134,137,145,,,
19,[2 1 3 4 3 1 3 2 2 2 1 3 3 2 1 4 2 2 4],152.42,1171,139,139,129,131,129,130,130,130,128,129,139,130,131,130,128,128,132,127,131,131,127,130,134,136,131,130,129,130,133,128,130,130,133,136,126,138,126,129,135,129,137,128,139,138,131,136,129,139,132,,,
19,[3 2 3 3 1 1 2 3 1 1 1 3 3 1 2 2 1 4 1],159.94,1351,131,130,136,132,139,140,130,142,140,134,139,133,133,133,138,131,138,139,133,134,140,134,135,133,134,133,140,140,138,131,133,131,133,132,139,132,141,132,141,140,140,139,131,139,133,140,135,132,140,,,
20,[3 1 3 1 4 1 3 4 1 3 4 3 1 4 4 2 2 4 2 4],159.48,1220,142,134,139,135,136,136,135,144,143,134,135,136,140,139,135,135,134,141,135,140,133,140,144,133,142,135,145,141,142,142,135,135,137,144,133,133,135,136,143,132,135,136,144,134,143,140,136,136,142,,,
20,[1 2 3 2 2 2 4 1 1 2 3 4 4 4 1 2 4 3 3 4],157.44,1324,138,137,140,133,131,134,138,133,129,127,129,133,129,139,137,139,130,133,142,131,131,129,144,130,132,129,131,133,139,138,131,131,133,137,130,127,128,138,131,133,133,132,134,131,133,139,133,139,137,,,
20,[4 1 1 3 3 1 4 2 1 4 1 3 3 1 4 1 2 4 3 4],168.28,1241,159,150,157,148,139,139,148,143,143,145,146,142,136,150,137,135,136,141,138,144,137,139,147,140,157,157,145,157,168,147,157,147,146,162,145,144,150,146,148,142,141,148,159,145,141,143,146,155,138,,,
20,[4 1 4 3 2 2 4 3 4 3 1 4 4 1 3 1 1 3 2 4],163.6,1510,141,135,134,132,133,136,139,133,143,131,140,134,145,132,133,133,135,135,140,135,139,133,132,138,136,143,132,140,130,132,130,133,138,134,132,140,139,133,142,134,143,134,142,138,144,142,131,131,136,,,
20,[2 3 3 1 4 2 3 2 1 3 3 3 4 1 3 4 2 4 3 4],170.46,1436,143,148,140,149,141,142,149,148,142,140,148,145,150,142,150,145,141,140,148,144,146,147,147,137,150,148,139,145,141,145,150,141,150,140,147,146,146,143,143,140,142,137,147,147,148,142,147,147,144,,,
20,[2 1 4 2 4 2 3 2 3 4 4 1 3 2 4 2 1 2 3 3],160.2,1299,131,142,132,135,137,138,137,132,134,130,131,132,144,134,140,133,139,132,136,139,133,142,144,135,143,138,140,140,136,141,142,144,138,136,141,144,135,134,139,136,139,138,134,140,131,131,134,142,133,,,
20,[4 3 1 4 2 4 4 2 1 1 4 2 4 4 2 2 4 2 4 4],146.24,1133,128,124,126,125,125,123,126,124,130,124,132,125,125,125,123,125,124,125,123,123,126,125,130,124,126,123,124,124,124,126,123,126,122,124,123,134,125,125,133,152,124,126,126,126,132,127,125,124,125,,,
20,[1 4 4 2 2 1 1 2 4 4 4 4 4 3 3 3 4 3 4 4],166.68,1243,172,140,145,139,137,139,149,135,136,145,136,147,135,148,139,146,136,150,137,146,138,138,146,246,145,146,138,147,147,146,139,148,144,146,144,138,135,148,147,136,146,147,145,137,146,137,139,140,135,,,
20,[1 2 1 3 1 1 4 1 1 3 1 2 1 3 4 3 2 2 1 1],172.26,1279,160,157,162,158,156,160,158,160,157,162,152,149,147,152,152,147,148,150,150,145,149,148,143,152,148,145,143,140,145,142,143,144,149,152,146,150,147,143,141,150,142,143,149,150,150,149,151,151,147,,,
20,[3 3 3 1 4 4 3 3 4 3 4 4 2 1 2 3 2 1 4 1],171.66,1435,144,145,145,144,149,142,140,138,150,141,145,149,147,149,135,151,149,140,145,140,149,145,143,145,148,146,148,141,146,144,245,158,130,148,139,143,145,145,144,142,136,144,143,142,143,145,138,141,134,,,
1000000,,#DIV/0!,,,,,,,,,,,,,,,,,,,,,,,,,,,,,,,,,,,,,,,,,,,,,,,,,,,,,
10,[3 1 2 2 1 1 1 3 3 2],129.48,1788,130,105,100,94,92,93,96,95,96,96,98,92,94,93,100,94,91,96,100,94,93,91,96,92,93,96,97,95,94,92,90,92,98,96,94,108,95,94,90,94,92,91,96,93,98,92,97,93,95,,,
10,[1 2 2 3 4 3 3 1 1 1],112.78,1285,89,87,96,86,86,87,91,88,87,90,91,85,89,84,89,84,91,91,91,90,89,91,84,91,90,86,93,89,91,92,90,91,92,90,91,87,87,87,85,90,90,89,85,88,89,87,90,89,89,,,
10,[2 4 1 4 1 2 4 3 4 3],119.16,1409,96,89,90,90,89,90,90,90,90,91,89,94,92,90,92,90,93,91,91,119,125,89,92,95,92,90,92,92,89,91,91,91,91,94,91,93,94,98,90,94,88,94,92,94,94,91,90,95,91,,,
10,[3 4 1 4 4 3 3 4 3 4],108.88,979,98,90,88,89,91,90,95,91,90,91,90,90,94,90,90,97,91,96,97,94,90,90,94,92,90,91,90,91,88,94,89,90,92,90,93,91,91,91,91,89,89,90,89,90,88,90,90,90,90,,,
10,[2 1 4 4 2 4 4 3 4 3],109.28,670,91,89,92,94,94,91,92,91,347,166,91,90,90,85,91,91,95,94,90,91,91,93,89,92,91,90,90,92,90,93,90,94,90,90,91,90,90,90,92,90,94,90,91,91,90,92,91,90,92,,,
10,[3 3 1 1 1 1 1 1 4 4],92.88,792,89,84,82,82,84,82,83,86,81,80,81,82,91,80,80,80,82,85,83,80,84,82,84,85,80,81,82,80,81,83,82,83,75,74,67,73,72,73,75,73,67,69,66,74,71,67,73,73,66,,,
10,[2 4 2 3 3 2 4 1 1 4],91.22,924,76,77,73,75,73,67,75,75,76,69,74,76,66,74,66,69,75,76,72,78,67,75,74,74,75,75,75,75,76,74,77,74,75,76,77,75,74,77,75,77,75,75,76,77,76,76,74,75,74,,,
10,[4 1 2 4 2 4 2 3 3 1],89.34,639,83,77,76,80,79,77,76,78,80,77,76,75,78,76,78,77,79,79,80,76,78,79,89,77,77,77,79,78,78,79,77,76,80,79,79,78,78,79,77,78,77,79,78,77,77,79,80,72,80,,,
10,[3 2 2 3 1 1 4 4 3 3],90.08,560,84,80,79,80,80,80,77,83,81,80,79,80,79,82,77,80,82,72,81,80,82,81,81,81,80,82,80,80,80,80,80,82,83,79,81,81,89,81,80,80,84,81,80,80,80,81,80,80,79,,,
10,[2 1 3 2 1 1 3 3 3 2],85.96,664,81,69,71,73,76,71,74,75,73,73,75,73,74,77,76,67,67,77,75,77,73,76,73,76,74,73,74,76,75,70,76,76,67,74,73,78,78,80,76,76,74,77,77,75,75,69,67,76,76,,,
11,[4 4 4 4 2 4 1 2 3 4 4],100.46,1154,105,91,85,78,79,77,76,78,76,77,76,77,80,78,79,77,78,79,79,77,75,79,78,77,78,79,78,77,79,76,80,75,80,79,77,78,79,79,76,79,80,79,79,77,77,79,80,80,78,,,
11,[1 4 3 3 3 4 1 3 3 2 3],109.16,1388,82,82,83,82,84,84,81,84,83,80,82,89,84,84,81,83,82,83,82,83,83,81,81,84,83,82,81,81,83,84,82,84,89,89,80,84,83,81,83,82,84,81,80,89,83,84,82,89,80,,,
11,[3 4 4 3 2 4 1 2 3 4 4],85.34,489,78,75,71,78,78,77,75,76,77,78,78,76,77,80,77,77,76,79,80,77,78,76,76,77,79,76,77,72,76,78,76,78,79,77,77,76,78,78,77,77,76,77,79,79,79,79,78,76,77,,,
11,[1 1 2 2 4 1 3 2 3 3 2],94.64,762,81,82,80,82,80,79,80,81,83,84,80,82,79,84,84,81,79,82,77,78,82,81,71,79,78,81,82,81,81,80,79,83,80,89,83,81,79,84,79,81,84,82,84,82,80,80,83,80,83,,,
11,[1 3 4 4 4 4 4 4 2 1 3],94.46,760,86,83,82,80,81,80,81,82,81,79,82,81,80,82,81,81,82,81,81,80,80,81,82,81,80,80,82,82,81,80,81,80,83,80,80,79,81,82,81,82,81,81,80,80,80,79,78,80,80,,,
11,[3 2 4 4 2 4 1 1 3 4 2],98.64,804,84,84,89,83,93,86,83,82,89,83,88,82,84,92,85,82,83,85,81,86,82,84,83,82,81,83,84,84,82,86,84,81,84,83,84,81,92,83,84,84,84,82,82,90,83,83,83,82,84,,,
11,[2 1 3 4 2 2 2 4 2 3 1],101.16,894,85,83,90,84,84,84,85,92,85,84,84,85,85,84,85,84,90,85,82,85,92,84,84,81,85,85,84,85,82,85,85,91,84,84,83,84,85,84,84,92,84,85,85,84,85,84,81,84,84,,,
11,[2 3 2 4 4 1 4 2 1 2 2],100.06,1002,92,83,91,81,81,79,81,78,80,79,79,84,88,79,83,79,81,81,82,81,82,89,77,83,77,82,81,82,89,80,80,83,80,85,77,80,78,83,84,84,80,80,80,76,90,81,81,80,75,,,
11,[1 4 1 4 3 3 2 1 1 3 3],95.46,812,82,83,84,79,80,80,84,80,81,81,81,81,80,81,79,85,81,78,82,80,89,80,80,81,80,78,81,80,80,81,81,81,80,72,80,78,82,82,78,82,80,80,80,89,80,80,81,83,80,,,
11,[2 3 2 1 4 2 2 4 4 3 2],95.72,743,80,89,83,83,80,88,81,81,82,82,81,83,88,84,80,82,81,80,80,85,92,80,79,89,82,82,80,83,80,80,80,80,80,83,80,80,82,90,84,80,82,90,80,82,82,82,82,82,82,,,
12,[3 2 1 2 4 1 4 3 2 1 1 2],114.52,1384,112,105,103,85,86,93,88,93,89,87,87,89,86,93,86,86,94,91,94,84,86,85,86,93,91,86,85,85,93,85,86,86,87,89,87,86,85,91,85,86,80,86,93,84,87,85,86,83,84,,,
12,[3 2 3 3 4 4 4 1 4 4 3 1],105.1,905,89,83,84,82,83,84,83,83,90,82,91,85,86,103,82,83,82,85,85,94,83,101,102,96,95,85,101,93,84,90,84,84,83,85,81,85,82,85,86,95,81,91,88,86,85,83,92,154,91,,,
12,[4 3 4 2 4 4 1 4 4 2 2 2],108.98,1285,89,82,85,85,84,85,90,90,84,89,85,83,89,83,84,82,83,83,82,84,84,80,78,81,84,84,84,83,87,82,83,81,84,81,81,82,82,85,80,89,87,87,96,87,96,88,95,86,86,,,
12,[2 1 3 4 2 2 2 2 3 1 4 2],146.68,1517,115,108,104,92,93,144,184,155,135,117,170,162,125,158,159,167,138,95,110,111,101,111,101,108,102,101,111,111,110,101,92,111,110,174,102,110,102,109,110,110,108,94,92,107,110,110,112,112,143,,,
12,[2 1 4 3 1 1 1 1 2 2 1 2],112.5,901,101,89,102,92,84,80,100,108,106,103,99,84,103,106,84,85,102,106,97,99,83,100,98,96,99,107,102,96,84,96,95,105,100,102,81,100,100,100,99,93,104,86,97,99,81,106,101,99,85,,,
12,[2 1 4 3 1 3 4 2 1 2 4 1],114.36,913,103,100,82,85,84,99,106,82,85,105,85,98,99,90,107,99,105,95,82,106,105,106,108,100,102,104,108,105,99,103,82,99,105,99,105,89,102,98,105,99,99,106,82,100,106,105,84,101,102,,,
12,[2 2 4 2 3 3 3 3 2 3 1 1],116.46,617,120,94,93,96,96,95,100,93,110,117,120,102,116,119,94,97,93,101,98,92,117,92,99,118,117,117,94,117,100,100,97,101,119,117,111,120,114,120,91,118,118,120,107,116,116,120,93,95,96,,,
12,[3 3 1 3 1 1 2 4 1 4 4 2],107.8,704,86,87,88,101,85,87,85,85,88,87,87,89,103,110,88,110,86,102,87,97,105,97,100,104,97,106,90,100,109,94,102,97,86,98,86,96,105,104,106,96,99,96,103,88,93,105,100,102,84,,,
12,[2 4 4 3 3 2 4 1 3 4 3 1],100.22,694,99,85,85,85,83,102,96,83,98,83,103,91,84,84,83,85,101,84,84,83,84,83,85,82,83,82,83,82,99,105,96,90,84,83,82,95,85,83,83,84,90,95,84,84,92,86,84,104,84,,,
12,[2 2 1 3 3 4 1 1 2 3 2 4],102.2,859,97,82,97,87,83,91,93,87,83,96,90,104,84,83,88,86,87,82,87,84,85,82,103,82,92,83,83,90,90,81,100,90,86,83,82,82,81,84,84,82,83,82,83,86,86,84,82,84,85,,,
13,[4 3 2 3 1 1 4 1 1 2 4 4 3],126.7,1473,115,114,120,114,110,115,90,98,90,101,100,94,119,114,87,99,106,113,111,101,96,98,90,89,105,90,91,90,96,101,97,91,89,88,97,90,89,91,98,106,99,91,90,93,101,96,107,97,95,,,
13,[2 2 3 1 2 2 3 1 3 2 1 3 1],131.04,1253,121,104,110,107,112,102,110,111,111,103,110,104,110,102,110,109,110,107,113,100,110,113,106,109,101,107,110,109,103,108,105,111,102,112,109,109,100,110,109,109,114,108,100,112,111,113,111,112,100,,,
13,[3 4 2 4 4 1 3 2 3 3 3 2 1],125.42,1000,91,113,109,105,103,113,103,110,104,112,108,112,105,110,113,104,104,113,110,114,110,112,110,111,114,111,111,112,110,113,104,104,110,109,110,105,102,110,105,90,99,91,109,114,111,111,115,92,110,,,
13,[2 1 4 1 3 2 2 4 4 3 1 4 1],115.64,720,119,97,86,104,91,95,110,100,105,109,107,107,101,101,103,102,103,103,102,103,107,108,111,100,96,103,109,90,109,103,98,109,100,103,109,103,89,109,110,88,107,97,97,111,108,110,113,107,110,,,
13,[3 4 1 4 3 1 3 1 4 2 3 4 2],123.88,1077,119,110,107,106,102,100,102,100,108,101,107,108,105,104,110,110,102,109,98,109,101,108,108,107,93,108,109,109,100,102,108,109,91,101,98,107,93,106,92,109,100,107,100,106,100,109,107,106,106,,,
13,[1 3 4 4 4 2 2 4 2 3 4 4 1],124.4,778,117,116,117,117,110,115,117,119,117,116,92,117,113,116,91,117,115,117,108,111,112,95,113,112,106,107,112,113,109,103,118,116,118,113,114,106,117,119,115,89,118,106,111,112,115,88,106,109,112,,,
13,[1 3 3 3 1 4 3 3 4 3 1 2 1],123.98,844,98,113,110,112,117,114,105,106,110,111,108,105,110,114,114,113,114,111,113,114,105,103,110,113,108,108,104,102,113,107,114,109,110,114,111,112,114,108,90,109,110,102,113,110,116,113,101,111,103,,,
13,[2 2 2 2 2 1 3 2 1 2 3 3 1],116.44,758,108,110,102,101,108,107,107,100,100,100,91,105,106,99,101,108,106,110,109,101,100,99,97,106,104,98,97,102,107,105,105,106,105,109,100,101,100,106,106,101,100,106,106,108,107,97,105,100,102,,,
13,[3 1 3 3 3 2 2 4 1 4 4 1 3],117.64,1068,110,108,104,96,102,98,94,98,88,96,101,98,104,98,96,98,107,98,95,103,85,105,95,94,85,85,102,104,106,95,97,95,97,103,89,89,89,104,97,104,97,105,105,105,98,102,96,90,104,,,
13,[1 2 1 4 4 1 2 4 1 2 3 2 4],111.36,785,87,101,84,106,99,100,106,100,106,94,100,105,107,99,105,106,97,82,86,101,85,113,84,112,86,110,82,83,86,112,105,100,85,85,109,105,105,100,85,99,90,108,100,105,107,100,105,83,83,,,
14,[2 4 1 4 1 4 3 2 4 3 1 3 3 1],137.14,1428,124,111,112,116,113,112,113,112,114,111,117,114,106,104,103,111,111,110,103,112,110,114,112,114,111,105,110,114,112,110,113,111,112,112,113,112,106,111,111,105,105,109,115,111,110,105,105,111,111,,,
14,[4 4 4 2 1 2 3 2 4 1 1 2 3 2],127.58,953,113,113,158,114,121,111,110,111,111,102,108,107,115,103,106,110,110,111,105,102,113,115,110,104,111,111,115,109,114,100,113,111,108,111,109,110,110,112,103,110,108,115,106,111,112,113,106,112,103,,,
14,[1 4 4 2 4 3 1 3 4 3 2 2 1 4],130.46,1292,118,108,110,110,107,118,103,109,109,103,109,103,108,109,111,109,107,102,110,103,110,111,100,105,110,100,109,101,109,109,105,110,101,109,107,108,101,109,104,102,109,103,109,104,103,104,102,104,107,,,
14,[2 1 1 2 4 3 1 1 4 1 4 3 4 2],132.76,933,115,121,109,115,118,116,115,118,118,119,118,116,119,117,116,117,122,114,115,118,116,117,123,115,116,116,116,115,122,116,116,116,115,115,117,109,117,117,113,109,115,118,118,113,112,121,120,119,117,,,
14,[3 2 2 2 1 2 4 1 1 2 3 4 1 4],128.86,1058,111,112,110,111,113,102,109,111,113,111,107,113,116,111,112,116,105,116,105,90,113,112,111,107,113,110,109,115,117,102,111,110,111,104,105,109,112,112,111,111,112,112,113,103,105,110,109,109,113,,,
14,[2 1 3 2 2 2 1 4 4 1 2 3 4 3],119.66,647,105,105,107,111,110,104,105,103,110,105,110,112,110,110,104,101,111,111,111,111,113,106,111,116,116,108,110,106,112,111,104,114,110,113,111,110,104,113,110,111,106,105,110,111,104,113,103,109,110,,,
14,[1 3 4 4 3 1 3 3 2 1 4 1 4 1],135.48,1315,113,105,113,113,106,110,113,113,117,115,117,114,113,115,114,111,115,111,108,111,111,113,105,110,112,105,106,105,112,114,110,105,113,115,115,106,118,113,111,112,112,111,106,107,116,111,114,111,113,,,
14,[4 3 3 3 3 4 4 2 3 4 3 2 1 2],132.88,1246,110,115,113,110,114,107,111,114,107,107,112,115,114,111,108,114,114,116,105,114,115,110,114,110,110,114,102,107,113,105,112,105,110,114,103,110,114,108,102,115,104,115,105,104,104,108,114,110,110,,,
14,[1 4 1 3 4 4 1 3 1 1 4 3 3 2],138.54,1294,116,115,119,109,117,117,114,115,117,111,119,111,109,113,116,106,116,117,96,108,118,116,109,119,114,114,115,116,116,114,116,119,117,115,115,115,119,116,116,118,119,119,119,118,115,114,119,114,118,,,
14,[2 4 1 3 4 4 2 3 3 1 4 3 3 1],129,1052,119,111,111,111,110,113,111,112,104,113,103,115,108,113,111,110,114,111,110,113,113,111,102,110,113,112,113,105,108,110,112,110,109,111,103,115,109,112,104,114,107,113,110,103,110,110,111,105,110,,,
15,[1 4 1 2 3 3 4 1 3 3 4 1 1 2 4],135.42,1332,113,113,112,112,113,114,110,110,113,112,114,112,115,109,109,114,121,109,114,111,110,103,115,104,112,112,113,111,110,114,111,110,110,110,105,105,111,110,112,111,107,113,113,110,104,110,113,111,109,,,
15,[2 1 3 2 4 1 4 4 3 3 2 4 3 2 4],137.42,1149,132,111,122,121,120,121,134,124,124,121,131,123,124,121,123,117,115,116,116,116,116,117,115,108,115,111,115,107,115,115,115,108,107,113,114,113,114,109,118,115,115,113,115,117,114,114,114,114,114,,,
15,[4 4 4 1 4 1 2 4 1 3 1 3 2 1 1],145,1193,124,122,124,126,126,121,121,127,124,124,129,124,124,122,129,122,125,121,121,123,124,121,122,122,121,129,120,126,124,134,125,122,124,125,124,123,124,121,132,123,124,123,118,123,120,123,121,120,120,,,
15,[3 1 3 3 2 4 3 3 1 2 2 2 1 1 1],141.6,1197,124,122,119,118,133,120,119,126,112,119,115,119,124,117,123,119,117,123,121,123,122,115,119,121,121,122,122,119,108,122,120,121,121,119,123,123,123,118,120,110,119,121,119,121,120,120,119,123,119,,,
15,[1 3 1 4 2 2 3 3 4 1 4 3 2 3 2],131.36,1235,107,95,113,113,109,105,102,108,113,108,102,113,112,102,113,103,109,108,112,105,108,106,115,113,111,113,113,115,101,109,112,112,108,110,110,115,108,102,110,111,105,109,109,107,113,110,112,105,109,,,
15,[4 1 4 1 3 3 3 1 1 2 3 1 2 1 1],135.3,816,125,125,122,119,112,123,119,124,121,121,121,126,128,123,120,118,121,131,123,112,125,122,120,124,126,119,122,124,121,119,122,120,120,120,118,120,120,118,123,119,122,122,119,124,123,121,120,120,122,,,
15,[4 2 4 4 3 3 3 4 2 2 4 2 2 1 2],141.92,1312,117,109,119,118,116,113,121,116,118,116,114,120,119,118,121,121,119,114,121,121,120,117,118,123,112,121,123,116,117,121,118,116,121,119,118,122,120,116,116,121,116,120,114,115,115,120,119,120,119,,,
15,[3 4 1 3 1 2 4 1 2 4 2 2 4 3 1],138.12,1125,122,120,114,110,117,117,115,118,119,115,119,116,116,116,117,116,118,117,116,116,119,120,118,112,119,118,120,120,118,117,117,119,119,119,117,119,119,125,124,121,120,119,117,120,122,118,118,117,116,,,
15,[3 4 4 1 1 4 1 2 2 1 2 1 3 3 3],140.96,1506,113,105,114,110,113,110,115,113,111,105,107,116,113,104,111,105,105,111,112,112,112,117,107,104,175,119,115,110,114,117,112,116,114,116,110,110,114,113,116,112,109,115,112,108,115,108,118,114,115,,,
15,[1 4 4 1 1 2 4 4 4 2 2 1 3 4 4],130.02,753,113,115,114,115,112,116,112,120,106,119,107,115,118,118,116,115,118,120,117,118,119,115,116,117,116,112,118,115,115,116,116,120,116,119,118,118,115,119,116,116,115,120,109,107,116,116,116,115,198,,,
16,[3 3 2 3 1 3 3 4 3 4 2 4 1 4 1 1],154.54,1619,131,124,123,124,129,123,123,134,124,120,125,125,126,124,122,124,123,130,124,134,130,120,123,123,124,125,124,123,129,123,124,122,127,120,125,122,125,124,124,125,120,130,120,125,111,133,125,125,125,,,
16,[4 4 2 4 2 1 2 2 3 2 1 2 1 2 1 3],142.16,1612,118,113,109,113,115,113,115,113,114,115,105,115,113,114,112,113,114,107,115,108,112,107,112,114,108,114,106,116,112,114,114,108,106,114,114,108,114,115,109,113,114,114,114,107,115,113,113,115,107,,,
16,[1 4 3 3 2 4 4 3 3 2 4 3 1 4 4 4],140.48,1058,121,120,121,121,122,121,119,121,121,122,121,122,123,120,121,117,122,121,120,122,128,123,122,120,123,120,122,119,128,121,121,120,124,117,124,117,121,123,120,122,120,121,120,129,120,122,135,125,121,,,
16,[1 3 3 2 4 2 2 1 3 1 1 1 2 3 2 4],138.62,1046,123,122,125,120,124,130,123,120,124,121,124,123,125,119,118,120,118,120,119,120,120,120,119,120,119,119,119,118,120,120,112,119,120,119,119,119,120,116,119,119,120,118,120,119,120,116,119,120,119,,,
16,[1 3 1 2 2 4 3 4 4 2 4 3 1 1 4 1],147.26,1314,125,116,119,114,114,116,115,116,118,114,116,116,116,114,114,112,118,114,117,144,200,134,123,122,128,124,127,126,121,123,126,126,121,125,133,126,124,122,125,124,135,125,123,125,121,122,121,125,124,,,
16,[4 2 4 2 4 2 1 2 2 3 1 1 2 2 4 4],157.28,1498,127,129,127,128,128,132,135,126,127,127,137,137,130,123,127,135,139,113,129,116,128,114,128,139,141,123,137,127,126,126,125,122,127,135,130,125,129,123,136,131,130,127,139,187,127,121,129,122,140,,,
16,[2 4 2 3 2 4 3 1 4 4 2 4 3 4 3 2],139.26,1297,116,118,113,115,115,116,114,112,116,107,111,106,116,116,116,116,123,115,114,119,116,117,120,111,116,115,118,117,116,111,116,116,119,115,115,118,117,115,118,118,120,114,116,118,115,117,113,118,117,,,
16,[4 3 4 1 3 3 2 1 4 1 4 2 4 1 3 2],146.26,1192,124,120,125,125,124,120,121,124,124,124,121,124,123,133,121,129,124,121,121,125,126,125,122,126,125,125,126,125,123,120,132,130,122,122,123,135,124,125,125,131,131,125,125,127,124,125,128,125,126,,,
16,[3 4 4 2 3 2 3 3 4 3 2 2 3 1 3 1],150.08,1522,130,135,120,118,120,126,123,116,120,121,120,122,117,119,123,122,120,119,120,120,121,120,119,118,118,121,120,119,118,122,122,120,120,124,125,122,119,121,118,118,121,153,138,121,121,121,122,123,126,,,
16,[1 4 4 3 4 1 1 1 3 1 3 4 3 4 4 2],149.6,1471,125,125,121,121,130,121,122,119,121,129,123,121,124,122,123,119,125,122,123,120,126,122,133,120,117,120,119,121,126,123,121,125,133,123,123,120,123,122,124,121,125,121,124,119,119,122,123,118,120,,,
17,[3 3 1 3 3 2 4 2 4 1 4 4 2 4 2 2 2],150.96,1474,125,130,128,130,124,135,121,125,122,123,111,128,124,125,125,120,120,123,127,127,123,121,123,124,124,130,122,128,128,122,120,123,123,135,124,111,122,123,124,124,125,121,120,121,120,130,125,122,123,,,
17,[1 4 1 4 3 1 3 4 2 1 4 3 3 1 1 1 4],150.44,1405,130,129,125,129,125,124,124,125,120,118,124,123,120,121,120,120,121,124,120,120,121,124,123,121,122,121,121,124,122,126,120,121,124,125,122,130,119,123,164,127,130,126,129,135,125,125,129,131,125,,,
17,[1 3 2 4 1 2 4 2 2 1 3 2 4 3 1 1 4],146.24,1172,124,142,127,129,127,123,125,123,125,122,123,130,127,124,126,126,126,122,125,123,124,127,124,130,131,124,123,124,123,125,126,123,126,125,124,124,122,126,120,126,125,126,126,125,126,127,124,125,120,,,
17,[4 4 3 2 1 2 2 3 4 2 4 4 3 1 4 4 2],146.66,1462,120,124,129,120,120,120,122,133,122,120,120,121,121,117,120,117,117,119,119,129,120,118,119,120,119,119,119,119,121,117,117,118,120,120,123,118,112,122,120,119,118,117,119,119,120,111,120,119,118,,,
17,[2 3 2 3 4 1 4 3 1 4 4 2 4 2 2 1 2],150.88,1302,125,127,125,128,126,126,127,126,125,121,122,122,120,125,120,124,120,121,120,125,125,124,119,121,121,129,121,121,122,122,123,120,121,121,131,180,148,144,142,134,133,141,130,131,128,144,121,126,124,,,
17,[1 3 3 2 2 1 4 3 3 1 1 3 4 2 4 4 1],160.52,1657,134,137,131,134,131,135,130,125,134,127,131,126,135,127,137,129,127,134,133,124,126,128,127,135,129,125,125,126,127,128,197,128,134,125,126,124,125,126,126,130,126,121,125,125,125,125,126,130,128,,,
17,[4 1 3 3 1 2 1 2 4 4 2 2 1 2 3 3 4],160.26,1751,135,125,125,127,130,121,129,125,124,121,123,125,134,126,124,125,123,125,123,126,126,122,126,143,142,139,142,133,144,134,133,124,131,120,123,124,126,128,127,125,126,133,126,123,125,130,125,122,124,,,
17,[1 4 1 2 1 4 1 1 3 4 2 1 2 3 1 3 4],152.18,1464,122,125,122,127,121,126,126,127,122,125,122,126,122,125,122,126,120,127,122,134,129,124,126,124,123,126,123,125,125,122,121,146,127,131,134,125,127,126,126,124,122,131,123,126,126,124,122,124,124,,,
17,[3 4 3 2 4 2 4 4 3 3 3 1 3 2 3 2 3],154.84,1227,135,142,133,135,134,131,130,127,130,140,132,140,133,138,133,133,132,139,134,135,138,131,131,132,128,132,131,126,126,136,140,139,133,135,128,138,127,139,133,126,132,134,137,126,131,133,129,130,128,,,
17,[1 2 2 1 3 2 1 4 2 4 1 2 4 4 1 1 2],150.48,1457,130,124,123,124,123,126,125,124,121,121,123,120,124,121,123,122,124,121,123,124,121,128,129,131,122,125,122,125,124,124,122,124,121,123,129,123,122,129,120,125,121,122,122,128,122,120,123,124,130,,,
18,[1 2 2 4 1 4 3 1 1 2 1 3 4 3 1 2 3 2],168.98,1670,143,145,132,146,136,136,135,144,138,145,142,142,135,143,140,142,136,143,138,139,140,138,143,136,140,137,142,146,159,132,136,140,144,131,133,139,138,138,137,140,128,131,130,128,132,141,133,133,134,,,
18,[1 4 2 3 4 2 3 1 2 4 2 2 1 1 4 4 4 4],161.14,1504,140,134,130,145,133,135,136,136,130,138,134,127,130,136,129,131,138,139,137,134,138,139,140,133,134,131,132,131,132,139,130,130,133,130,139,131,127,132,139,131,138,131,130,132,135,134,130,130,130,,,
18,[1 4 3 2 1 3 1 3 4 2 4 4 1 4 1 1 3 4],161.62,1436,136,130,139,133,133,133,141,135,139,133,134,139,130,141,133,131,133,138,130,140,134,139,133,144,132,133,139,133,139,132,132,136,139,132,138,138,135,140,135,141,134,132,132,144,131,145,131,141,130,,,
18,[3 2 4 3 4 3 2 1 4 2 2 2 1 4 3 3 3 4],164.34,1613,139,140,136,138,135,134,141,133,140,134,140,134,141,135,133,142,134,133,131,137,132,131,138,170,136,139,129,130,134,138,130,134,140,132,128,140,132,128,134,134,134,129,129,128,129,127,130,128,131,,,
18,[3 2 3 2 1 1 2 4 1 3 3 4 2 3 2 4 1 1],169.14,1498,138,140,140,138,139,137,146,134,141,141,142,138,139,137,144,146,148,150,137,146,137,146,135,145,146,144,139,141,143,148,139,142,148,145,138,146,148,146,145,147,135,137,145,135,136,145,148,148,141,,,
18,[2 2 3 3 3 2 4 1 3 1 1 1 4 2 1 3 2 3],163.46,1743,144,136,130,135,130,136,128,135,128,137,138,129,127,136,128,130,133,129,130,135,133,129,139,130,129,134,127,130,139,130,135,126,132,129,129,128,128,129,135,126,129,129,127,126,126,127,136,128,131,,,
18,[3 2 2 3 2 3 1 3 1 4 1 2 1 1 2 4 3 4],171.66,1837,143,144,142,131,137,134,140,141,137,131,133,140,136,139,143,135,135,132,132,168,133,137,145,141,134,140,134,135,132,136,135,133,135,134,141,135,141,143,133,142,134,137,143,135,139,138,135,139,134,,,
18,[4 1 3 4 4 4 3 2 4 4 4 4 1 2 1 2 2 1],161.24,1503,136,138,136,130,141,130,130,134,128,128,146,138,134,130,130,130,137,134,130,131,128,137,133,132,139,130,139,138,135,130,130,130,140,131,141,130,140,129,141,131,135,136,130,139,140,130,130,136,128,,,
18,[4 1 1 4 4 3 2 2 2 3 2 3 1 2 1 4 2 1],163.74,1576,142,135,134,139,134,134,138,131,138,133,134,130,139,131,131,140,141,133,132,131,142,140,135,132,131,130,134,131,133,140,131,132,140,133,137,130,139,140,132,137,133,132,133,132,133,139,134,141,135,,,
18,[3 2 4 3 3 2 3 1 3 2 2 4 2 3 1 2 4 1],222.86,1665,219,220,198,240,150,147,150,152,142,222,141,135,147,142,152,236,158,154,138,145,148,128,136,161,131,145,138,133,143,143,138,129,130,129,132,135,140,135,139,135,141,135,147,138,1635,443,225,235,243,,,
19,[3 1 4 1 4 2 4 3 3 4 2 3 2 1 3 3 4 3 4],269.72,2387,238,225,222,227,235,227,225,225,223,222,233,223,220,230,230,227,220,217,228,220,228,225,220,225,233,232,225,233,225,232,230,235,233,222,223,222,230,223,218,223,222,228,230,223,230,227,220,235,230,,,
19,[3 3 3 2 4 2 2 3 2 1 4 2 1 4 2 2 4 1 4],276.18,2355,237,238,240,235,237,232,238,238,238,230,237,233,237,233,233,235,232,230,237,230,235,238,235,235,230,235,238,235,235,235,225,225,228,225,235,228,235,230,235,240,233,230,235,230,235,232,230,237,235,,,
19,[2 1 2 1 3 4 1 3 4 2 2 4 4 4 4 1 1 1 1],331.06,4253,253,235,230,240,235,237,243,235,245,275,248,247,250,247,240,243,235,250,245,237,235,245,600,285,257,245,243,248,247,247,243,250,250,245,230,247,250,235,245,240,238,240,238,238,240,238,242,232,237,,,
19,[1 3 1 3 2 4 2 2 4 3 4 4 4 2 3 2 3 2 1],303.56,3333,242,240,240,250,238,247,245,240,240,247,235,235,238,243,245,233,237,237,248,247,243,245,240,245,232,238,240,250,242,250,237,243,240,243,232,243,240,250,237,242,245,247,242,245,238,242,242,240,245,,,
19,[3 4 2 4 3 3 4 4 1 2 1 3 4 1 1 1 2 3 3],255.1,1930,233,220,223,220,223,220,222,218,218,217,218,218,217,217,217,218,218,220,225,222,220,220,220,220,220,222,220,220,218,222,223,222,222,222,225,222,217,218,220,217,218,228,230,230,227,218,222,220,218,,,
19,[1 1 2 4 3 3 4 4 1 1 3 3 2 4 4 4 2 4 2],252.02,1862,228,225,223,235,280,225,223,222,223,220,217,220,217,220,220,215,212,218,215,215,217,215,218,215,218,215,212,215,215,217,215,220,220,220,215,218,215,215,215,213,217,213,218,215,218,215,215,215,217,,,
19,[2 3 1 4 4 4 2 2 3 1 4 3 1 2 1 4 1 1 2],252.58,1995,223,218,218,215,217,217,217,218,218,218,215,218,217,217,218,218,218,218,215,213,215,210,217,218,217,222,215,215,215,215,218,218,218,220,215,215,218,215,215,217,220,220,215,215,217,218,220,217,218,,,
19,[2 1 1 4 1 3 1 4 3 2 1 3 2 3 3 3 1 2 4],267.08,2232,245,232,227,228,228,227,230,228,223,228,227,227,227,225,230,228,227,235,232,227,227,228,228,225,225,225,228,225,220,223,227,222,225,225,227,228,223,227,222,227,228,228,225,228,222,228,222,225,228,,,
19,[4 1 1 4 2 3 4 3 4 1 1 4 2 3 1 1 4 4 2],272.64,2420,255,228,230,230,228,227,233,230,225,228,230,232,228,230,228,227,227,230,230,225,227,225,223,228,227,235,233,235,230,225,227,230,227,225,225,233,230,227,230,230,225,227,225,230,225,227,227,225,228,,,
19,[1 3 1 1 1 3 3 4 1 1 1 1 1 2 4 2 4 1 4],253.8,1783,223,223,222,220,223,223,222,223,225,220,222,223,223,222,220,223,220,225,222,220,225,225,220,228,225,225,222,222,220,225,225,223,225,225,222,225,225,218,222,220,223,220,223,217,223,222,223,225,220,,,
20,[3 3 3 2 1 3 4 1 2 1 2 3 3 3 4 1 3 3 3 4],229.1,2155,235,235,260,187,196,185,183,183,186,186,187,186,186,188,187,184,187,184,188,187,186,185,184,189,189,188,192,190,190,185,183,182,182,188,187,184,193,186,185,184,185,188,183,183,183,188,184,186,188,,,
20,[3 2 4 2 4 3 2 1 4 4 3 3 2 3 3 3 3 1 3 2],219.84,1947,197,180,182,188,182,183,185,185,185,182,180,183,190,181,185,183,187,184,188,180,185,185,189,185,182,185,183,181,185,185,183,182,186,182,179,185,181,182,178,180,183,188,187,190,187,188,192,190,187,,,
20,[2 4 1 3 2 2 2 4 1 1 3 3 1 3 4 3 3 4 1 4],229.62,2103,215,188,183,183,185,190,185,185,180,185,186,185,185,262,205,190,190,190,187,193,195,190,192,192,192,192,189,190,189,190,190,190,188,188,192,192,193,192,190,192,192,188,192,188,188,188,193,192,187,,,
20,[1 1 1 2 1 1 4 1 1 1 2 4 1 1 3 2 1 2 2 3],235.32,2207,198,190,190,190,190,200,195,197,276,190,199,195,191,190,204,193,193,190,193,193,195,191,194,192,192,192,192,190,192,190,190,190,190,190,190,192,193,190,193,194,193,190,190,190,194,247,188,190,188,,,
20,[3 4 1 1 2 1 2 4 1 4 3 3 2 1 4 4 2 3 3 2],224.78,2245,180,187,182,186,188,183,185,185,182,186,185,185,182,187,182,185,189,180,182,180,182,183,183,180,180,188,185,183,184,182,180,182,180,184,180,183,183,183,184,187,182,183,185,188,185,182,185,183,184,,,
20,[4 3 4 4 2 1 3 1 1 4 3 1 1 4 3 3 3 1 3 4],218.82,1921,183,185,185,183,180,183,180,181,190,189,186,193,183,189,185,182,190,188,192,182,183,188,188,182,185,183,180,184,183,185,185,187,185,184,183,185,177,183,180,185,178,180,178,185,180,185,183,180,187,,,
20,[2 4 4 2 4 2 3 3 2 3 1 2 1 2 4 3 2 3 2 4],212.82,1689,180,182,182,180,181,185,181,177,175,177,180,177,182,183,176,181,180,185,180,182,178,178,183,180,180,177,181,182,180,178,178,180,180,180,177,180,180,182,181,260,197,188,184,180,188,180,182,190,182,,,
20,[3 3 1 2 1 2 2 1 1 3 1 2 3 3 2 2 2 1 3 4],219.3,1993,188,185,186,184,180,182,183,182,180,183,184,178,184,182,182,187,183,180,184,180,183,186,183,185,180,181,180,183,183,187,180,187,180,180,185,187,185,185,184,181,184,180,185,183,183,186,185,180,184,,,
20,[3 2 1 2 2 3 1 2 3 4 3 4 1 1 1 1 3 3 3 4],216.26,1738,188,182,190,183,187,180,185,185,182,181,187,187,188,190,180,183,186,187,186,185,182,185,183,178,186,185,185,182,187,188,182,183,193,187,184,191,185,183,182,185,186,183,188,187,187,185,185,193,183,,,
20,[1 2 2 3 1 4 3 3 4 4 4 3 1 4 4 1 1 3 4 3],231.16,2078,268,190,222,188,185,188,192,194,195,189,190,187,186,190,188,197,193,194,193,200,192,200,190,192,191,190,193,192,196,195,199,192,188,226,194,187,185,187,185,188,190,192,186,191,185,187,187,187,184,,,
10000000,,#DIV/0!,,,,,,,,,,,,,,,,,,,,,,,,,,,,,,,,,,,,,,,,,,,,,,,,,,,,,
10,[3 4 4 1 4 3 2 3 3 3],131,2503,145,105,102,93,82,79,82,78,83,77,80,77,80,77,83,81,82,81,80,68,83,79,81,81,81,79,81,77,81,78,90,80,81,78,82,83,80,80,79,85,79,82,77,81,78,79,77,82,78,,,
10,[4 3 1 2 4 3 4 4 4 4],103.64,1496,76,75,64,77,78,77,76,80,67,80,74,74,76,67,68,75,79,76,75,65,74,75,76,75,85,75,78,80,76,75,66,80,74,75,77,80,77,80,83,79,77,78,77,77,75,75,76,65,67,,,
10,[2 1 3 2 2 4 3 3 2 3],118.4,1885,95,82,82,84,82,83,95,80,82,83,82,80,81,81,83,81,83,82,82,80,79,80,82,82,80,81,81,81,80,83,81,91,82,81,81,81,81,82,91,80,80,81,82,82,80,83,83,80,81,,,
10,[2 1 4 3 3 3 3 1 3 1],123.1,1963,82,86,82,87,95,85,85,85,92,85,83,82,90,88,83,82,84,87,82,84,85,88,84,83,94,86,81,87,84,84,84,84,95,85,83,85,91,84,95,81,85,94,82,82,85,86,82,82,82,,,
10,[2 4 1 4 3 2 4 3 1 3],150.88,1747,84,90,80,81,82,85,82,81,81,83,81,84,81,82,82,81,81,81,81,128,194,138,137,149,122,121,141,129,129,161,162,129,163,126,122,200,155,140,142,134,141,127,168,151,125,142,167,111,80,,,
10,[2 1 2 4 1 3 4 3 4 2],165.02,1955,161,133,122,147,137,142,122,129,167,169,118,84,83,84,81,84,93,81,85,116,874,143,129,123,161,128,134,118,165,131,141,143,97,82,88,83,84,84,84,83,84,147,143,96,84,82,83,82,82,,,
10,[1 4 3 1 2 4 3 1 2 3],108.02,1083,86,104,81,82,81,135,147,82,81,87,82,80,82,81,82,81,114,130,86,81,116,82,82,81,81,85,90,80,119,83,99,79,83,80,81,80,81,80,80,81,80,83,79,82,82,81,81,82,80,,,
10,[2 1 2 4 1 4 2 3 4 4],98.32,953,83,83,83,80,82,80,81,81,90,69,80,78,82,69,80,79,83,90,80,80,80,80,94,81,79,80,78,81,80,82,83,80,81,80,81,81,80,82,79,80,81,81,82,80,81,78,81,81,83,,,
10,[2 2 2 4 4 2 2 1 1 4],98.24,913,91,80,80,78,78,80,80,90,80,80,79,92,81,83,78,77,79,80,81,80,82,80,84,81,81,83,91,80,80,83,81,80,82,80,82,81,83,81,78,80,81,81,80,81,80,111,75,75,75,,,
10,[1 3 1 2 4 1 4 4 2 1],94.24,941,83,94,76,76,75,76,75,77,78,79,78,70,75,79,76,75,70,70,77,75,76,82,80,80,81,83,91,81,82,70,80,78,76,75,78,75,75,76,75,69,75,76,79,75,76,77,69,77,70,,,
11,[1 2 3 4 4 3 2 4 2 3 4],112.26,1505,103,92,90,82,85,81,87,84,99,85,89,84,82,83,83,99,83,85,84,84,89,82,83,80,88,83,80,84,80,82,81,80,80,80,81,80,81,80,81,84,82,78,82,80,80,81,80,82,80,,,
11,[1 2 3 1 4 2 4 3 1 4 1],106.44,1236,85,88,85,88,86,87,83,79,79,71,78,83,79,78,80,94,78,79,80,80,80,80,71,77,79,82,80,81,78,77,79,77,80,78,80,78,79,78,78,80,125,85,83,98,100,93,86,100,104,,,
11,[1 4 4 1 1 2 2 1 4 1 4],106,1082,85,94,84,85,99,100,97,90,85,85,93,86,82,95,90,87,83,100,85,81,84,93,90,84,90,83,83,81,84,83,84,84,84,83,82,85,79,83,80,90,82,84,83,83,82,81,84,82,82,,,
11,[2 3 4 2 3 4 3 4 4 3 2],106.08,1032,95,88,85,85,87,92,87,94,85,85,87,85,88,92,86,86,85,93,94,89,85,85,92,86,85,85,85,87,85,87,92,83,88,85,85,84,86,85,89,90,86,85,86,87,86,85,84,85,91,,,
11,[2 1 2 4 2 2 2 4 3 2 4],102.24,961,94,88,88,94,94,87,95,96,87,89,94,81,79,83,81,81,81,82,89,80,80,80,81,84,79,80,89,81,81,79,81,82,81,82,81,78,84,81,80,79,78,120,82,89,83,89,81,83,80,,,
11,[1 1 3 1 3 4 1 1 2 2 3],114.88,1080,106,88,95,86,85,88,86,87,85,85,90,85,86,87,86,85,84,85,87,86,83,91,83,91,93,105,96,89,99,100,90,90,166,167,135,96,90,110,99,100,89,100,97,98,91,86,91,90,97,,,
11,[2 2 3 4 1 1 1 4 3 4 2],117.62,1394,101,90,114,99,99,100,90,99,101,91,92,90,100,90,100,92,102,100,100,92,101,93,99,88,86,85,86,94,84,87,84,86,86,85,90,87,85,86,93,85,86,86,86,85,87,91,85,84,85,,,
11,[4 3 3 1 4 2 3 4 2 1 3],134.96,2604,90,82,83,83,84,83,84,84,89,84,91,82,81,85,85,83,83,90,84,81,83,81,82,89,81,82,85,81,82,81,84,80,82,81,85,83,82,83,82,85,83,82,82,83,149,82,80,79,79,,,
11,[1 2 1 4 3 1 2 3 4 2 3],107.46,1211,105,82,81,83,84,90,82,92,82,82,81,80,83,83,83,82,83,82,80,79,81,81,82,83,98,90,80,83,81,92,90,82,80,92,81,81,82,81,82,82,89,85,86,87,98,85,94,89,86,,,
11,[1 4 2 4 4 2 1 3 4 2 2],139.4,1719,325,131,123,123,122,154,169,171,162,173,519,104,85,85,80,80,80,80,78,79,80,81,81,80,80,81,81,80,80,80,80,81,78,81,79,80,80,80,79,80,83,81,80,80,82,80,81,80,79,,,
12,[4 2 1 4 4 3 1 1 4 2 1 3],123.84,1457,112,108,98,93,95,95,95,90,100,100,100,98,95,91,98,100,88,90,90,96,92,98,91,94,98,90,90,95,90,98,102,212,86,91,95,89,87,90,89,96,88,95,95,101,91,89,91,90,90,,,
12,[4 3 4 4 3 4 4 2 3 3 2 4],119.86,1701,99,89,88,88,89,89,96,87,89,89,87,94,85,83,86,86,86,86,86,86,85,85,92,84,93,93,84,83,85,86,86,87,87,87,86,88,87,89,87,90,85,87,91,87,85,88,86,86,85,,,
12,[1 2 2 3 4 3 4 1 4 3 4 3],106.18,1189,93,82,84,85,82,86,83,81,82,85,83,90,91,81,82,87,84,91,87,81,81,85,86,84,82,82,82,85,84,83,82,84,82,85,83,85,82,82,82,82,83,83,84,84,85,88,83,84,83,,,
12,[3 1 3 2 2 3 3 3 4 3 3 1],115.68,1045,95,86,87,97,108,88,104,97,106,103,95,106,87,103,103,89,97,87,89,87,96,96,97,88,90,104,88,104,97,96,105,101,94,96,102,101,87,98,104,101,88,97,87,89,95,100,105,97,122,,,
12,[2 2 4 4 4 4 4 2 4 2 3 4],110.5,1064,83,102,99,94,94,85,83,102,85,84,82,85,81,86,83,85,84,98,91,93,92,83,84,82,99,83,95,93,91,85,100,85,101,100,98,92,93,100,100,91,84,92,95,92,93,91,94,95,99,,,
12,[1 4 2 1 4 3 4 3 4 3 1 1],125.12,1027,109,97,100,92,91,101,91,88,99,93,99,115,93,115,92,113,115,108,116,113,110,108,108,95,117,121,103,123,116,117,111,117,121,117,109,110,121,121,110,108,117,92,93,93,119,103,94,95,120,,,
12,[2 2 2 4 3 2 2 2 1 4 3 4],107.46,1039,90,86,90,92,89,86,86,85,89,85,87,85,94,93,90,87,87,85,89,86,89,85,89,85,87,87,89,85,88,91,95,87,95,96,89,89,90,83,89,86,90,85,87,85,95,94,87,91,85,,,
12,[1 2 3 1 2 2 4 1 2 2 2 2],112.42,1251,93,89,89,88,89,89,95,88,89,87,87,90,89,96,93,94,87,89,89,94,87,89,87,89,95,88,89,89,86,89,86,87,87,90,88,88,87,93,87,87,88,88,89,87,89,89,94,87,87,,,
12,[3 1 4 4 3 2 4 4 4 1 2 2],118.08,1116,94,97,94,97,96,90,106,106,105,91,106,98,91,100,100,107,91,91,99,100,99,90,98,90,93,98,99,105,100,91,98,106,92,101,90,99,105,92,99,105,99,97,104,100,92,102,92,95,98,,,
12,[2 1 3 2 4 4 2 3 2 2 3 3],107.64,1013,94,96,97,86,86,88,85,101,86,93,88,85,93,102,86,95,100,100,86,91,86,85,85,86,86,92,85,85,89,85,87,86,89,86,85,87,95,92,86,85,87,85,87,85,84,87,94,85,95,,,
13,[2 1 1 4 2 2 4 2 1 2 1 4 4],127.46,1494,109,105,108,100,100,88,110,105,86,101,94,103,84,103,96,107,98,104,107,104,104,105,88,91,99,96,84,103,84,100,87,103,85,100,102,97,94,98,84,98,112,111,111,89,88,105,115,114,120,,,
13,[1 1 4 2 1 4 2 1 4 4 4 4 2],129.6,1622,102,110,90,105,95,101,106,92,100,105,106,97,106,98,105,98,90,91,88,108,100,98,91,106,107,90,100,96,91,105,93,100,106,106,92,93,100,107,92,101,88,106,91,90,98,106,106,100,106,,,
13,[2 4 2 1 4 3 1 2 2 4 4 3 1],134.78,1305,120,108,101,106,108,104,110,110,100,110,116,111,114,117,118,118,110,118,110,101,118,115,108,118,104,102,110,115,116,108,108,101,105,99,117,122,119,113,108,117,97,117,116,119,119,102,119,109,103,,,
13,[1 1 4 4 2 3 1 1 4 3 2 2 3],119.9,1225,115,100,92,96,90,106,97,96,98,96,99,91,105,90,106,98,106,90,100,91,92,94,106,90,106,99,98,100,88,99,100,91,108,90,100,91,96,105,103,91,97,92,99,90,100,91,100,94,98,,,
13,[2 3 3 1 2 4 4 3 4 1 4 3 4],117.8,907,113,107,100,102,100,106,108,102,98,105,100,108,103,92,100,107,100,108,106,100,105,99,105,106,108,102,100,90,107,96,106,98,108,91,100,105,108,90,105,98,107,92,101,98,109,93,100,91,100,,,
13,[1 1 1 2 3 4 1 3 3 4 4 4 2],117.68,1035,122,110,105,99,90,88,108,108,99,100,94,99,90,98,97,100,89,89,89,108,99,95,108,105,87,99,91,105,100,103,93,100,95,105,89,100,90,104,97,110,87,95,98,106,100,108,102,106,90,,,
13,[3 3 1 1 4 2 1 3 4 2 4 2 4],109.88,874,108,87,88,88,90,90,92,92,104,91,89,90,104,90,98,87,98,90,95,90,89,104,90,88,99,89,95,89,106,89,102,94,105,88,89,88,106,87,106,97,106,92,91,89,102,91,100,91,97,,,
13,[4 2 4 1 3 4 1 3 2 2 1 4 3],115.18,1153,97,107,101,98,96,90,98,90,90,90,99,90,89,89,90,95,91,92,93,90,92,96,96,88,90,96,97,92,90,100,92,96,97,98,96,88,98,91,91,98,96,90,90,91,95,96,98,92,101,,,
13,[1 2 4 2 3 2 4 1 1 3 1 3 4],122.1,1283,117,108,96,107,89,108,88,90,89,106,90,109,102,109,102,100,90,103,90,105,103,107,103,103,99,95,89,106,87,105,90,106,88,102,85,87,91,105,110,106,88,98,89,100,90,107,88,102,95,,,
13,[4 4 3 3 1 3 1 2 4 2 3 3 3],106.18,1020,95,91,90,86,82,83,84,85,84,83,82,85,84,84,84,90,86,84,84,87,90,86,83,84,87,84,84,82,85,86,85,82,90,100,84,85,82,84,102,95,95,102,101,96,92,84,88,85,93,,,
14,[1 2 4 4 4 2 1 3 4 4 3 3 3 1],139.22,1720,117,103,104,110,117,111,107,111,105,112,105,103,112,110,109,109,104,111,108,108,103,108,102,112,95,111,108,103,104,115,92,110,108,105,109,102,111,112,103,112,97,92,111,105,108,105,109,111,102,,,
14,[4 4 2 1 1 3 4 4 1 2 3 1 2 3],137.42,1577,110,110,113,113,110,111,90,109,111,110,107,94,106,117,91,106,102,109,104,103,104,111,98,111,110,110,109,110,112,103,110,103,114,115,113,114,110,114,110,112,105,113,110,113,113,113,106,110,92,,,
14,[3 3 1 4 2 3 4 2 1 3 1 4 1 4],137.34,1490,116,137,110,111,100,104,105,115,110,114,111,115,110,112,111,106,113,118,111,92,105,111,108,111,112,106,110,111,109,111,113,109,105,110,107,104,111,110,110,111,102,112,111,104,114,110,105,111,103,,,
14,[4 2 1 1 1 4 4 2 1 3 4 3 2 1],148.8,1814,112,119,116,116,118,116,120,116,120,114,115,119,118,119,119,105,119,118,115,116,119,118,116,119,99,119,105,121,111,120,96,120,116,121,96,122,115,118,122,115,97,118,118,120,104,119,96,120,116,,,
14,[3 2 4 1 1 4 4 2 3 4 4 4 4 2],124.78,1091,115,108,108,109,106,107,108,109,102,111,106,101,107,99,108,103,85,107,86,100,98,106,110,105,109,106,101,101,107,103,106,101,107,109,111,105,107,108,106,100,108,102,107,102,107,113,98,110,110,,,
14,[4 1 3 3 1 2 4 2 4 2 3 2 2 2],131.3,1185,114,113,115,115,111,112,110,104,104,112,114,103,111,115,115,104,105,112,109,107,104,110,110,106,110,107,110,114,110,111,110,111,104,111,104,110,110,112,114,110,113,110,111,112,111,104,104,111,111,,,
14,[3 2 4 3 1 3 1 2 4 1 1 2 1 2],143.64,1424,122,118,117,121,120,116,118,119,115,115,117,116,118,120,118,120,119,119,119,120,119,118,112,117,116,120,117,121,112,119,120,118,120,119,116,107,107,117,106,116,119,116,120,119,120,122,120,118,120,,,
14,[1 3 4 3 3 1 4 4 4 4 4 3 2 1],132.96,845,123,125,122,122,121,120,121,122,115,108,120,119,116,120,119,121,120,117,120,116,117,121,119,122,117,122,118,120,106,125,122,121,113,119,106,117,118,122,120,118,120,120,120,120,106,119,116,121,111,,,
14,[4 2 1 1 3 4 1 3 2 3 1 4 4 2],136.76,1691,104,110,107,97,108,108,107,111,101,101,108,100,102,101,101,107,108,108,105,107,107,108,101,110,110,109,107,104,103,103,111,108,107,108,108,110,109,101,108,101,100,99,100,100,103,100,106,99,106,,,
14,[4 1 4 1 4 1 3 1 2 4 4 1 1 3],146.4,1984,111,111,108,104,102,111,109,112,101,112,107,114,111,106,109,104,107,111,113,115,108,111,111,106,112,113,104,108,106,102,113,105,107,116,113,112,101,106,108,100,114,105,110,111,112,113,110,115,106,,,
15,[3 4 3 2 3 3 3 4 3 3 4 4 2 2 3],143.26,1903,112,108,106,111,116,108,109,108,114,106,107,110,110,102,110,106,103,111,110,100,110,100,108,111,99,105,102,109,102,108,110,98,109,102,110,106,105,109,109,104,109,102,114,109,109,113,108,102,111,,,
15,[3 3 2 4 4 1 4 1 1 1 4 4 3 1 4],142.98,1795,115,111,109,102,114,113,111,112,110,109,111,109,111,112,104,110,111,103,101,111,111,111,111,111,111,110,106,109,111,110,112,108,104,107,111,110,106,112,109,112,110,112,106,110,104,110,106,109,106,,,
15,[2 3 2 4 1 4 4 3 2 2 1 1 2 4 3],148.14,1970,119,108,111,111,113,113,105,109,114,108,105,113,113,115,111,114,113,112,105,105,111,111,113,115,113,113,105,115,110,112,113,111,115,112,113,110,113,111,110,105,110,107,111,115,105,111,110,108,112,,,
15,[1 2 1 1 1 4 3 1 3 2 1 4 1 4 1],143.94,1890,115,112,114,114,104,96,105,102,104,96,105,95,103,102,114,104,105,111,112,115,116,114,107,111,115,103,116,111,113,111,115,95,96,107,106,109,98,113,113,114,111,112,112,113,114,104,107,110,113,,,
15,[2 3 4 4 1 2 3 3 1 3 3 2 4 1 2],145.1,1842,135,115,117,105,104,112,112,110,110,112,115,104,110,106,114,103,112,112,105,105,110,112,110,110,110,105,111,111,115,110,110,111,109,113,110,111,118,104,110,111,110,111,106,111,110,97,113,113,113,,,
15,[4 4 1 4 1 4 3 1 3 3 2 2 2 4 4],176.14,3470,111,113,109,111,109,111,107,113,110,111,104,109,104,105,110,111,110,110,109,108,105,109,112,102,104,109,104,110,109,110,102,105,108,112,103,111,104,110,102,110,103,110,102,111,117,109,116,120,123,,,
15,[2 3 1 1 3 4 1 3 1 1 3 3 3 1 3],147.44,1977,109,112,114,111,117,115,113,114,114,112,117,104,114,114,114,116,95,115,112,115,107,114,94,106,112,115,104,107,116,104,109,105,114,100,115,114,112,97,111,95,110,115,115,112,115,115,110,93,112,,,
15,[1 2 2 2 3 1 1 1 4 1 2 4 4 2 1],137.9,1348,122,118,120,111,120,116,112,113,107,110,115,112,118,115,116,114,107,112,113,116,113,118,110,113,113,115,111,117,114,112,116,96,98,111,118,105,99,110,114,114,107,119,118,118,120,116,115,117,113,,,
15,[3 3 4 1 3 1 2 4 4 2 1 2 3 4 3],148.76,1819,121,113,114,113,112,114,110,110,105,114,109,111,105,118,115,114,115,116,115,108,113,110,115,108,113,107,110,179,115,109,112,118,116,115,114,116,116,116,112,116,118,120,114,115,116,118,116,107,113,,,
15,[2 2 2 3 4 1 1 1 2 3 2 4 4 3 2],151.72,1995,116,107,117,109,110,113,110,107,119,119,110,117,114,107,111,115,116,114,111,119,105,102,115,114,116,109,115,117,116,115,107,114,115,116,117,116,118,114,114,114,115,115,106,116,115,114,118,115,147,,,
16,[4 2 1 1 3 1 2 3 4 2 3 3 3 2 3 2],175.18,2840,130,119,119,121,120,122,123,121,121,120,121,118,119,124,123,119,121,124,123,122,119,119,121,122,118,120,120,119,120,120,119,119,122,120,119,120,119,122,121,120,119,121,122,120,125,130,115,118,120,,,
16,[1 4 4 3 4 3 4 1 1 2 4 3 4 2 4 2],150.82,1967,119,116,122,116,116,116,116,116,119,118,108,115,120,118,116,119,116,119,117,114,116,108,116,115,109,116,117,114,117,110,117,118,117,114,117,117,107,115,96,95,97,95,115,115,114,109,112,115,115,,,
16,[1 3 4 4 3 1 2 1 3 4 2 3 2 1 3 4],160.16,2080,145,127,122,122,120,121,128,121,120,122,122,123,120,120,120,120,115,121,120,122,124,122,125,121,118,120,118,116,119,124,120,124,119,116,119,118,125,119,119,120,119,121,123,119,123,118,111,118,119,,,
16,[2 3 3 3 2 2 1 4 1 4 1 1 2 1 4 1],154.74,1970,130,118,116,116,115,119,121,119,120,115,116,119,117,120,120,118,120,117,117,103,119,121,122,117,117,119,116,117,115,123,118,116,116,110,117,101,121,123,119,109,117,116,119,121,119,120,121,121,121,,,
16,[3 2 4 4 4 2 3 3 1 2 3 2 1 2 4 3],147,1870,129,117,115,97,105,104,98,104,116,105,99,96,116,102,104,117,98,119,118,117,118,118,117,109,115,117,108,115,115,115,114,109,115,114,108,116,114,115,108,115,115,115,116,115,108,116,112,115,117,,,
16,[4 2 4 4 4 2 1 2 4 2 2 2 3 1 2 1],146.46,1553,122,130,107,118,115,118,115,112,108,116,116,120,121,118,123,119,118,117,116,118,119,115,122,117,118,115,116,116,119,116,112,104,108,117,121,119,120,120,120,119,112,115,117,144,128,116,116,127,115,,,
16,[2 1 4 3 3 4 4 3 2 4 4 1 2 2 2 1],148.1,1676,118,120,121,118,116,110,120,117,122,117,117,121,116,116,119,118,116,116,115,122,119,117,119,116,119,116,118,114,116,110,117,109,115,116,116,117,117,115,117,117,118,116,117,119,117,116,119,120,112,,,
16,[2 4 3 4 1 3 2 1 1 3 3 3 1 4 4 2],152.14,1822,128,117,118,118,119,113,119,119,118,117,117,120,118,116,116,115,119,117,118,117,117,117,115,116,119,110,119,117,117,120,117,119,118,119,120,120,119,117,128,119,119,117,119,116,118,119,118,118,119,,,
16,[4 1 2 3 2 3 3 4 3 2 4 1 1 4 4 3],145.68,1840,114,109,107,112,109,110,116,106,118,118,101,118,110,105,109,111,110,111,98,113,120,109,117,108,113,113,116,115,111,111,119,111,109,114,111,114,112,113,113,105,104,113,101,104,106,114,119,111,113,,,
16,[2 3 4 4 2 1 2 2 2 1 1 2 1 1 1 1],162.06,1922,132,140,126,120,124,122,120,122,125,140,124,133,136,120,124,122,122,133,122,120,127,130,126,127,125,128,122,136,121,131,120,122,130,123,123,122,119,125,123,127,121,126,133,126,131,129,125,129,127,,,
17,[2 2 3 4 1 2 2 3 4 4 4 1 1 4 3 2 3],176.68,2480,141,140,128,128,130,136,133,130,131,135,133,128,127,126,127,125,130,126,125,136,124,126,126,134,126,129,131,129,130,129,129,127,129,135,127,127,127,129,134,127,127,128,128,126,135,128,130,132,130,,,
17,[1 4 4 2 1 2 1 4 1 2 3 1 1 3 2 1 2],175.9,2180,140,125,125,127,128,132,126,125,131,126,128,128,126,126,127,125,128,126,134,132,125,127,126,127,126,126,125,127,125,124,127,123,126,124,129,137,128,134,375,136,134,134,145,139,142,137,144,134,144,,,
17,[1 1 3 2 1 2 3 3 4 3 1 4 2 4 2 2 2],175.02,2412,142,136,137,127,127,126,128,135,129,125,137,126,128,126,127,135,126,129,125,136,137,126,137,127,126,126,126,128,135,130,127,126,126,128,125,128,133,126,134,126,128,126,135,125,128,126,127,133,127,,,
17,[3 3 3 4 1 4 3 2 2 1 4 1 4 3 4 4 4],167.44,2035,129,126,125,137,126,128,125,126,127,128,138,135,127,127,137,129,129,130,130,126,126,132,135,126,128,137,127,128,126,127,126,126,127,126,125,129,126,128,126,126,130,127,135,139,131,129,140,137,127,,,
17,[1 3 3 4 4 4 2 1 1 2 2 4 4 3 1 2 1],181.12,2077,147,139,145,149,140,138,147,140,138,144,148,144,133,134,148,147,147,149,138,137,148,136,139,134,148,149,144,141,135,148,140,148,147,139,151,134,137,149,147,147,140,145,135,137,142,145,142,144,136,,,
17,[2 4 1 3 1 2 4 2 4 3 1 4 2 1 4 4 4],164.32,1756,124,128,128,137,127,130,138,128,130,126,124,126,128,124,128,127,122,127,140,124,135,126,122,125,133,125,122,128,124,135,122,122,126,126,126,125,245,137,199,126,135,128,137,130,128,128,126,126,127,,,
17,[3 3 1 2 3 2 4 2 4 2 3 2 2 2 1 4 2],172.58,2007,145,133,138,132,132,140,132,129,133,131,130,133,140,131,131,134,130,139,141,141,140,140,134,130,141,134,128,140,133,140,142,132,142,130,131,131,132,133,134,130,134,143,141,132,130,138,135,139,138,,,
17,[4 2 4 2 3 1 4 2 4 3 3 1 4 2 3 4 4],182.4,2267,129,123,127,122,134,125,127,128,127,125,123,125,130,124,126,127,329,185,125,123,124,123,124,125,361,162,123,126,124,126,125,259,137,125,136,128,122,127,126,121,121,125,123,123,132,132,136,127,126,,,
17,[2 1 2 1 3 1 4 4 3 1 4 1 3 2 3 1 1],186.98,2367,160,138,146,138,137,145,146,148,150,136,146,139,150,148,137,144,133,146,145,148,137,138,137,136,138,147,148,146,147,138,146,139,142,145,146,137,139,140,138,148,145,140,136,139,135,139,147,147,142,,,
17,[4 3 3 4 1 2 4 3 2 3 2 4 3 1 3 4 4],191.56,2461,158,135,145,142,141,137,132,131,141,142,138,136,141,143,134,142,131,205,133,134,130,132,128,132,146,136,142,134,140,145,130,135,129,141,131,146,131,141,132,139,129,144,142,135,136,415,164,150,141,,,
18,[3 4 4 4 2 3 4 2 3 3 3 3 3 4 1 1 1 3],197.04,2629,157,148,147,144,137,146,149,143,140,147,147,145,147,136,137,146,150,140,150,140,142,149,150,152,141,150,148,151,151,162,153,148,155,153,151,153,150,143,145,151,153,154,145,140,151,154,154,141,137,,,
18,[4 1 2 3 2 2 2 4 1 1 2 1 3 4 1 2 2 1],224.68,2708,145,151,139,139,146,149,147,135,136,145,135,136,147,149,145,145,144,140,138,226,139,201,150,895,263,192,186,221,155,156,149,148,152,156,153,190,241,220,185,153,141,146,152,139,138,142,139,148,139,,,
18,[4 4 3 1 4 1 3 1 2 1 3 3 1 4 3 2 4 3],211.3,3017,161,251,153,140,148,140,149,148,399,165,144,155,150,152,148,148,142,151,140,140,151,148,150,147,143,150,139,149,140,151,147,150,141,142,139,148,142,151,149,149,148,140,150,149,150,147,140,138,136,,,
18,[2 3 3 1 3 3 1 4 3 1 2 3 3 3 3 2 2 4],194.64,2558,159,143,144,139,145,147,138,147,142,145,137,138,135,138,138,134,134,146,136,138,135,145,136,215,147,135,136,137,147,145,134,139,138,135,143,146,148,137,135,137,140,136,135,181,223,171,191,155,149,,,
18,[2 1 2 2 4 1 3 1 3 2 1 4 2 2 4 3 4 2],258.14,3933,325,200,175,170,185,188,203,250,169,202,230,194,1284,196,148,148,145,140,137,147,145,147,145,147,137,139,138,148,139,146,140,146,137,146,137,145,146,137,145,145,140,151,137,149,145,144,145,136,136,,,
18,[2 3 1 4 1 1 2 2 2 2 3 1 1 1 4 3 2 2],197.96,2927,140,148,149,145,146,145,145,137,138,135,145,136,137,145,138,146,149,147,136,135,138,140,137,139,148,135,136,148,147,139,145,147,146,144,148,138,145,145,145,138,138,144,145,136,145,145,146,138,144,,,
18,[2 1 4 3 2 3 1 1 2 3 1 3 4 1 3 2 1 1],203.26,2504,167,149,156,160,166,152,152,156,156,158,160,156,157,148,156,142,155,160,158,154,146,156,159,160,173,160,168,163,164,158,155,159,161,179,148,159,153,145,145,156,155,140,145,155,155,156,154,155,159,,,
18,[2 2 4 2 4 1 4 1 3 1 4 1 4 4 2 4 1 2],194.3,2721,161,148,145,137,148,137,137,140,144,146,135,145,145,147,146,149,145,139,145,147,146,138,135,137,135,139,145,138,145,138,135,146,145,139,144,148,144,146,147,137,139,136,148,144,138,145,139,145,147,,,
18,[1 3 2 2 4 4 3 4 4 1 4 2 3 4 1 2 1 2],194.68,2709,149,140,138,139,138,148,149,151,137,149,149,139,148,150,148,149,138,146,138,138,145,148,138,140,149,146,140,140,147,148,137,139,139,146,138,138,148,147,146,146,138,138,138,137,147,148,146,148,139,,,
18,[4 1 3 4 4 4 4 4 1 2 2 1 4 2 3 2 3 3],199.6,3116,155,149,135,146,145,145,145,131,137,144,140,139,143,133,242,127,129,141,140,134,142,133,135,135,135,135,133,137,135,134,136,136,145,144,144,135,133,141,135,131,133,145,135,135,135,135,135,143,134,,,
19,[1 4 2 2 3 1 2 4 2 1 2 4 2 4 2 1 3 4 3],206.28,3061,160,148,156,161,199,157,147,155,147,139,139,140,139,149,150,139,150,151,138,147,146,156,143,142,148,150,147,154,149,154,140,151,149,156,145,152,138,144,138,147,148,138,140,149,138,148,149,136,147,,,
19,[2 3 1 3 4 4 4 4 2 4 1 2 1 4 1 1 1 4 3],199.86,2880,165,152,151,149,151,150,151,141,150,147,147,137,138,144,151,146,148,146,149,135,146,151,148,137,139,145,147,146,148,136,147,145,145,147,155,147,136,152,136,138,137,135,146,145,137,147,138,150,139,,,
19,[1 1 1 1 4 2 2 3 4 2 3 4 4 1 3 3 3 2 4],236.4,2787,155,148,149,151,151,150,138,141,148,151,146,141,141,150,139,147,150,142,138,141,149,148,150,147,152,150,150,1789,249,151,149,142,157,150,152,153,153,154,140,155,150,151,152,155,154,153,152,156,153,,,
19,[2 4 1 3 1 2 3 3 2 4 3 1 4 3 4 1 2 1 2],201.42,2679,157,155,155,154,156,152,155,144,153,156,145,156,145,155,151,151,142,156,153,153,155,141,153,151,144,152,153,150,150,144,144,149,152,144,141,150,153,156,154,143,150,155,151,153,150,153,150,155,152,,,
19,[3 4 4 4 2 2 2 3 4 4 3 1 1 2 1 1 3 2 1],233.68,2906,142,148,153,146,155,155,156,141,155,150,149,148,155,148,151,155,144,151,150,139,145,151,154,155,153,140,149,141,155,150,154,147,154,155,147,141,149,406,680,281,211,192,168,195,195,214,286,217,202,,,
19,[3 4 4 2 4 4 1 2 4 1 2 2 3 1 1 4 2 2 1],242.98,2908,138,150,137,687,275,162,248,158,151,138,140,137,149,136,141,149,146,148,146,140,137,745,254,145,140,145,137,147,140,154,245,155,151,136,139,132,135,145,141,143,149,146,139,143,146,144,139,134,759,,,
19,[1 4 3 2 3 3 2 4 1 1 2 2 3 1 2 1 3 2 4],331.52,2843,177,140,147,151,148,149,140,149,149,150,141,139,149,603,266,178,181,201,144,195,160,159,142,154,153,152,153,152,153,152,156,152,145,154,152,154,154,152,152,157,156,1615,760,184,3609,198,154,150,152,,,
19,[2 2 3 3 1 1 3 3 3 3 2 3 1 2 3 4 4 2 1],654.84,2957,165,160,19480,692,175,157,215,186,152,155,145,139,154,153,137,148,140,158,157,151,164,160,152,157,157,159,146,152,156,1483,1045,312,160,149,149,141,158,140,150,146,150,155,151,145,141,151,152,144,141,,,
19,[4 1 1 1 4 3 4 1 4 1 3 1 3 2 3 4 3 4 1],239.54,2965,161,154,191,157,157,141,176,150,150,150,152,152,154,151,159,155,156,156,153,156,157,148,156,158,159,153,535,194,156,152,1098,173,282,155,153,153,141,154,141,150,143,144,140,143,152,150,149,152,140,,,
19,[4 2 2 1 4 2 1 2 4 3 4 1 3 1 2 4 2 3 2],531.88,2952,196,203,158,152,153,155,141,142,138,151,140,154,148,155,152,141,152,143,149,144,155,139,154,151,152,141,140,16113,406,159,209,161,152,155,144,150,141,147,149,152,147,137,140,146,141,150,140,152,152,,,
20,[2 1 1 2 1 3 4 4 2 4 2 3 1 4 1 4 3 4 3 3],296.78,3735,341,251,229,212,203,226,308,188,196,204,177,198,180,1549,297,540,230,159,157,162,157,159,163,161,164,158,159,159,160,161,160,161,165,160,160,163,161,163,161,160,160,151,159,159,149,160,167,160,617,,,
20,[3 4 3 2 4 3 4 2 2 1 1 1 2 1 1 2 2 4 4 3],294.08,3265,184,145,146,164,153,151,152,154,143,154,145,154,143,151,237,151,154,542,202,144,150,140,151,141,151,141,149,141,142,152,223,245,154,150,155,143,152,151,152,153,140,152,140,150,150,140,151,1761,1950,,,
20,[3 1 2 2 1 3 4 2 4 1 3 2 2 1 3 2 3 2 1 4],325.72,3047,159,153,144,155,155,159,152,155,1702,984,199,195,153,153,153,154,157,153,155,156,144,153,154,152,158,155,144,151,155,155,155,1015,737,290,183,179,196,167,204,177,196,193,189,177,188,190,165,199,1372,,,
20,[3 4 3 2 2 3 3 4 1 3 2 3 1 2 4 1 4 4 2 1],269.08,2816,178,168,170,167,167,164,175,1547,1053,214,154,159,156,152,148,155,155,157,152,156,157,157,150,145,144,157,157,153,671,202,157,155,144,158,210,158,174,149,151,144,160,156,158,143,152,155,160,156,158,,,
20,[4 3 4 1 4 3 1 4 2 2 2 4 2 4 2 4 3 3 4 2],224.52,3159,194,207,160,141,153,153,151,151,144,154,153,152,152,162,143,152,152,156,158,152,143,155,154,157,528,197,202,177,162,156,159,154,155,151,153,154,153,154,151,154,158,151,153,143,151,153,159,145,145,,,
20,[3 4 4 3 3 4 3 3 2 1 2 4 3 1 4 1 4 3 1 3],279.28,3178,167,139,144,141,153,152,153,152,150,140,141,143,151,143,153,150,152,154,150,150,151,140,153,518,199,3115,235,154,154,150,144,156,152,152,144,154,153,145,154,150,153,152,154,141,152,144,150,145,144,,,
20,[3 3 1 2 2 3 1 2 2 4 1 3 2 2 4 1 2 4 4 2],247.46,3042,170,155,156,146,159,153,154,147,152,145,155,150,146,155,155,156,158,156,674,230,157,156,157,156,157,305,167,155,145,155,155,155,155,156,159,156,158,154,156,1112,167,161,157,156,159,158,161,157,157,,,
20,[2 1 4 2 4 4 2 2 3 3 2 2 3 4 2 4 1 3 2 3],221.4,3322,213,162,149,141,148,143,151,147,142,148,141,149,149,142,151,150,152,141,150,551,177,140,142,149,149,141,147,152,149,155,150,149,150,153,146,141,155,149,153,142,152,153,142,152,153,149,143,142,153,,,
20,[3 3 1 2 3 4 1 3 3 4 2 1 1 3 2 4 3 4 1 2],295.82,3484,217,198,193,178,212,218,213,199,191,183,189,197,187,1796,354,186,178,187,183,170,185,175,181,165,178,167,180,166,180,175,176,169,177,167,177,169,167,167,175,654,223,184,170,199,216,196,185,185,170,,,
20,[3 1 4 2 2 3 2 2 4 3 1 1 2 3 2 2 4 2 4 2],612.74,2959,1254,190,157,156,154,146,154,156,157,146,154,155,771,1593,318,166,156,156,157,154,146,155,154,155,155,155,158,159,155,157,170,157,158,145,155,158,155,153,142,16457,558,177,157,160,153,156,156,157,155,,,